/*
MySQL Backup
Database: blog
Backup Time: 2020-04-29 21:04:31
*/

SET FOREIGN_KEY_CHECKS=0;
DROP TABLE IF EXISTS `blog`.`article`;
DROP TABLE IF EXISTS `blog`.`collection_clip`;
DROP TABLE IF EXISTS `blog`.`collection_detail`;
DROP TABLE IF EXISTS `blog`.`comment`;
DROP TABLE IF EXISTS `blog`.`follower_clip`;
DROP TABLE IF EXISTS `blog`.`leavemsg`;
DROP TABLE IF EXISTS `blog`.`personal_info`;
DROP TABLE IF EXISTS `blog`.`points`;
DROP TABLE IF EXISTS `blog`.`reply`;
DROP TABLE IF EXISTS `blog`.`sort_colum`;
DROP TABLE IF EXISTS `blog`.`star`;
DROP TABLE IF EXISTS `blog`.`user_regist`;
CREATE TABLE `article` (
  `uniqueId` varchar(255) CHARACTER SET utf8 COLLATE utf8_bin NOT NULL,
  `related` varchar(255) COLLATE utf8_bin DEFAULT NULL,
  `author` varchar(255) CHARACTER SET utf8 COLLATE utf8_bin DEFAULT NULL,
  `avatarUrl` varchar(255) COLLATE utf8_bin DEFAULT NULL,
  `content` mediumtext CHARACTER SET utf8 COLLATE utf8_bin,
  `title` varchar(255) COLLATE utf8_bin DEFAULT NULL,
  `tag` varchar(255) COLLATE utf8_bin DEFAULT NULL,
  `category` varchar(255) COLLATE utf8_bin DEFAULT NULL,
  `type` varchar(255) COLLATE utf8_bin DEFAULT '',
  `time` timestamp NULL DEFAULT CURRENT_TIMESTAMP ON UPDATE CURRENT_TIMESTAMP,
  `links` varchar(255) CHARACTER SET utf8 COLLATE utf8_bin DEFAULT NULL,
  `shape` tinyint(1) DEFAULT NULL,
  `draftsFlag` tinyint(1) DEFAULT NULL,
  `comment_limit` tinyint(1) unsigned zerofill DEFAULT NULL,
  `comment_visible` tinyint(1) unsigned zerofill DEFAULT NULL,
  PRIMARY KEY (`uniqueId`) USING BTREE
) ENGINE=InnoDB DEFAULT CHARSET=utf8 COLLATE=utf8_bin;
CREATE TABLE `collection_clip` (
  `id` varchar(255) CHARACTER SET utf8 COLLATE utf8_bin NOT NULL DEFAULT '',
  `bind` varchar(255) CHARACTER SET utf8 COLLATE utf8_bin NOT NULL DEFAULT '',
  `title` varchar(255) CHARACTER SET utf8 COLLATE utf8_bin DEFAULT '',
  `describe` varchar(255) CHARACTER SET utf8 COLLATE utf8_bin DEFAULT '',
  `timestamp` timestamp NULL DEFAULT CURRENT_TIMESTAMP ON UPDATE CURRENT_TIMESTAMP,
  `power` tinyint(1) unsigned zerofill DEFAULT NULL,
  `followers` int(255) DEFAULT '0',
  `amount` int(255) DEFAULT '0',
  PRIMARY KEY (`id`,`bind`)
) ENGINE=InnoDB DEFAULT CHARSET=utf8 COLLATE=utf8_bin;
CREATE TABLE `collection_detail` (
  `id` int(10) NOT NULL AUTO_INCREMENT,
  `pathId` varchar(255) CHARACTER SET utf8 COLLATE utf8_bin DEFAULT '',
  `bindId` varchar(255) CHARACTER SET utf8 COLLATE utf8_bin DEFAULT '',
  `authorId` varchar(255) CHARACTER SET utf8 COLLATE utf8_bin DEFAULT '',
  `articleId` varchar(255) CHARACTER SET utf8 COLLATE utf8_bin DEFAULT '',
  `time` timestamp NULL DEFAULT CURRENT_TIMESTAMP ON UPDATE CURRENT_TIMESTAMP,
  `title` varchar(255) CHARACTER SET utf8 COLLATE utf8_bin DEFAULT '',
  `author` varchar(255) CHARACTER SET utf8 COLLATE utf8_bin DEFAULT '',
  `pubdate` varchar(255) CHARACTER SET utf8 COLLATE utf8_bin DEFAULT '',
  PRIMARY KEY (`id`)
) ENGINE=InnoDB AUTO_INCREMENT=195 DEFAULT CHARSET=utf8 COLLATE=utf8_bin;
CREATE TABLE `comment` (
  `id` int(10) unsigned NOT NULL AUTO_INCREMENT,
  `userId` varchar(255) CHARACTER SET utf8 COLLATE utf8_bin DEFAULT NULL,
  `bindId` varchar(255) COLLATE utf8_bin DEFAULT NULL,
  `userName` varchar(255) CHARACTER SET utf8 COLLATE utf8_bin DEFAULT NULL,
  `avarUrl` varchar(255) CHARACTER SET utf8 COLLATE utf8_bin DEFAULT NULL,
  `comment` mediumtext CHARACTER SET utf8 COLLATE utf8_bin,
  `time` timestamp NULL DEFAULT CURRENT_TIMESTAMP ON UPDATE CURRENT_TIMESTAMP,
  `replyFlag` tinyint(1) unsigned zerofill DEFAULT '0',
  `title` varchar(255) CHARACTER SET utf8 COLLATE utf8_bin DEFAULT NULL,
  `authorId` varchar(255) CHARACTER SET utf8 COLLATE utf8_bin DEFAULT NULL,
  `showFlag` tinyint(1) DEFAULT NULL,
  PRIMARY KEY (`id`)
) ENGINE=InnoDB AUTO_INCREMENT=140 DEFAULT CHARSET=utf8 COLLATE=utf8_bin;
CREATE TABLE `follower_clip` (
  `id` int(10) NOT NULL AUTO_INCREMENT,
  `sufferClip` varchar(255) CHARACTER SET utf8 COLLATE utf8_bin DEFAULT '',
  `sufferName` varchar(255) CHARACTER SET utf8 COLLATE utf8_bin DEFAULT '',
  `sufferAmount` int(255) DEFAULT '0',
  `sufferId` varchar(255) CHARACTER SET utf8 COLLATE utf8_bin DEFAULT '',
  `sufferNum` int(255) DEFAULT '0',
  `noticer` varchar(255) CHARACTER SET utf8 COLLATE utf8_bin DEFAULT '',
  PRIMARY KEY (`id`)
) ENGINE=InnoDB AUTO_INCREMENT=67 DEFAULT CHARSET=utf8 COLLATE=utf8_bin;
CREATE TABLE `leavemsg` (
  `id` int(10) NOT NULL AUTO_INCREMENT,
  `msger` varchar(255) CHARACTER SET utf8 COLLATE utf8_bin DEFAULT '',
  `msgImg` varchar(255) CHARACTER SET utf8 COLLATE utf8_bin DEFAULT '',
  `msgName` varchar(255) CHARACTER SET utf8 COLLATE utf8_bin DEFAULT '',
  `msgTime` timestamp NULL DEFAULT CURRENT_TIMESTAMP ON UPDATE CURRENT_TIMESTAMP,
  `msgContent` mediumtext CHARACTER SET utf8 COLLATE utf8_bin,
  `userId` varchar(255) CHARACTER SET utf8 COLLATE utf8_bin DEFAULT '',
  PRIMARY KEY (`id`)
) ENGINE=InnoDB AUTO_INCREMENT=47 DEFAULT CHARSET=utf8 COLLATE=utf8_bin;
CREATE TABLE `personal_info` (
  `id` varchar(255) CHARACTER SET utf8 COLLATE utf8_bin NOT NULL DEFAULT '',
  `nickName` varchar(20) COLLATE utf8_bin DEFAULT NULL,
  `realName` varchar(20) COLLATE utf8_bin DEFAULT NULL,
  `avatarUrl` varchar(255) CHARACTER SET utf8 COLLATE utf8_bin DEFAULT '',
  `sexName` varchar(4) COLLATE utf8_bin DEFAULT NULL,
  `birthday` varchar(255) CHARACTER SET utf8 COLLATE utf8_bin DEFAULT NULL,
  `region` varchar(255) COLLATE utf8_bin DEFAULT NULL,
  `industry` varchar(255) COLLATE utf8_bin DEFAULT NULL,
  `position` varchar(20) COLLATE utf8_bin DEFAULT NULL,
  `introduction` varchar(800) CHARACTER SET utf8 COLLATE utf8_bin DEFAULT NULL,
  PRIMARY KEY (`id`)
) ENGINE=InnoDB DEFAULT CHARSET=utf8 COLLATE=utf8_bin;
CREATE TABLE `points` (
  `id` int(11) unsigned NOT NULL AUTO_INCREMENT,
  `userId` varchar(255) CHARACTER SET utf8 COLLATE utf8_bin DEFAULT NULL,
  `time` timestamp NULL DEFAULT CURRENT_TIMESTAMP ON UPDATE CURRENT_TIMESTAMP,
  `status` int(1) unsigned zerofill DEFAULT '0',
  `articleId` varchar(255) CHARACTER SET utf8 COLLATE utf8_bin DEFAULT '',
  `authorId` varchar(255) CHARACTER SET utf8 COLLATE utf8_bin DEFAULT '',
  PRIMARY KEY (`id`)
) ENGINE=InnoDB AUTO_INCREMENT=241 DEFAULT CHARSET=utf8 COLLATE=utf8_bin;
CREATE TABLE `reply` (
  `id` int(10) unsigned NOT NULL AUTO_INCREMENT,
  `bindId` varchar(255) CHARACTER SET utf8 COLLATE utf8_bin DEFAULT '',
  `userId` varchar(255) CHARACTER SET utf8 COLLATE utf8_bin DEFAULT '',
  `userName` varchar(255) CHARACTER SET utf8 COLLATE utf8_bin DEFAULT '',
  `avarUrl` varchar(255) CHARACTER SET utf8 COLLATE utf8_bin DEFAULT '',
  `comment` mediumtext CHARACTER SET utf8 COLLATE utf8_bin,
  `time` timestamp NULL DEFAULT CURRENT_TIMESTAMP,
  `articleId` varchar(255) CHARACTER SET utf8 COLLATE utf8_bin DEFAULT '',
  PRIMARY KEY (`id`)
) ENGINE=InnoDB AUTO_INCREMENT=46 DEFAULT CHARSET=utf8 COLLATE=utf8_bin;
CREATE TABLE `sort_colum` (
  `id` varchar(255) CHARACTER SET utf8 COLLATE utf8_bin NOT NULL DEFAULT '',
  `bind` varchar(255) COLLATE utf8_bin DEFAULT NULL,
  `name` varchar(255) COLLATE utf8_bin DEFAULT NULL,
  `describe` varchar(255) COLLATE utf8_bin DEFAULT NULL,
  `picture` varchar(255) COLLATE utf8_bin DEFAULT NULL,
  `show` tinyint(1) DEFAULT '1',
  `recover` varchar(1) CHARACTER SET utf8 COLLATE utf8_bin DEFAULT '0',
  PRIMARY KEY (`id`)
) ENGINE=InnoDB DEFAULT CHARSET=utf8 COLLATE=utf8_bin;
CREATE TABLE `star` (
  `id` int(10) unsigned NOT NULL AUTO_INCREMENT,
  `sufferId` varchar(255) CHARACTER SET utf8 COLLATE utf8_bin NOT NULL DEFAULT '',
  `sufferName` varchar(255) CHARACTER SET utf8 COLLATE utf8_bin DEFAULT '',
  `sufferImg` varchar(255) CHARACTER SET utf8 COLLATE utf8_bin DEFAULT '',
  `noticer` varchar(255) CHARACTER SET utf8 COLLATE utf8_bin DEFAULT '',
  `noticerName` varchar(255) CHARACTER SET utf8 COLLATE utf8_bin DEFAULT '',
  `noticerImg` varchar(255) CHARACTER SET utf8 COLLATE utf8_bin DEFAULT '',
  PRIMARY KEY (`id`)
) ENGINE=InnoDB AUTO_INCREMENT=265 DEFAULT CHARSET=utf8 COLLATE=utf8_bin;
CREATE TABLE `user_regist` (
  `id` int(10) NOT NULL AUTO_INCREMENT,
  `verifi_code` varchar(20) CHARACTER SET utf8 COLLATE utf8_bin DEFAULT NULL,
  `email` varchar(60) COLLATE utf8_bin DEFAULT NULL,
  `email_key` varchar(60) COLLATE utf8_bin DEFAULT NULL,
  `nickName` varchar(255) CHARACTER SET utf8 COLLATE utf8_bin DEFAULT '',
  PRIMARY KEY (`id`)
) ENGINE=InnoDB AUTO_INCREMENT=66 DEFAULT CHARSET=utf8 COLLATE=utf8_bin;
BEGIN;
LOCK TABLES `blog`.`article` WRITE;
DELETE FROM `blog`.`article`;
INSERT INTO `blog`.`article` (`uniqueId`,`related`,`author`,`avatarUrl`,`content`,`title`,`tag`,`category`,`type`,`time`,`links`,`shape`,`draftsFlag`,`comment_limit`,`comment_visible`) VALUES ('5e9b3d0f3d3a1', '2025033966@qq.com', '阿拉丁', 'http://localhost/graduation_project/blog2/src/assets/avatar/omg.jpg', '<p>在Vue中使用this.$router传递参数和取值.</p>\n<h3><a id=\"_2\"></a>第一种</h3>\n<p>传递参数:</p>\n<p>参数取值:</p>\n<p><img src=\"https://img-blog.csdn.net/20180614165258411?watermark/2/text/aHR0cHM6Ly9ibG9nLmNzZG4ubmV0L3FxXzQwODUxODE2/font/5a6L5L2T/fontsize/400/fill/I0JBQkFCMA==/dissolve/70\" alt=\"1\" /></p>\n<p><img src=\"https://img-blog.csdn.net/20180614165317605?watermark/2/text/aHR0cHM6Ly9ibG9nLmNzZG4ubmV0L3FxXzQwODUxODE2/font/5a6L5L2T/fontsize/400/fill/I0JBQkFCMA==/dissolve/70\" alt=\"2\" /></p>\n<p>使用这种方式，传递参数会拼接在路由后面，出现在地址栏.</p>\n<h3><a id=\"_18\"></a>第二种</h3>\n<p>传递参数:</p>\n</code></div></pre>\n<p>参数取值:</p>\n<pre><div class=\"hljs\"><code class=\"lang-javascript\"><span class=\"hljs-keyword\">this</span>.$route.params.key\n</code></div></pre>\n<p><img src=\"https://img-blog.csdn.net/20180614165619200?watermark/2/text/aHR0cHM6Ly9ibG9nLmNzZG4ubmV0L3FxXzQwODUxODE2/font/5a6L5L2T/fontsize/400/fill/I0JBQkFCMA==/dissolve/70\" alt=\"3\" /><br />\n<img src=\"https://img-blog.csdn.net/20180614165632277?watermark/2/text/aHR0cHM6Ly9ibG9nLmNzZG4ubmV0L3FxXzQwODUxODE2/font/5a6L5L2T/fontsize/400/fill/I0JBQkFCMA==/dissolve/70\" alt=\"4\" /><br />\n使用这种方式，参数不会拼接在路由后面，地址栏上看不到参数</p>\n<p>由于动态路由也是传递params的，所以在\n<pre><div class=\"hljs\"><code class=\"lang-javascript\"> <span class=\"hljs-keyword\">this</span>.$router.push() \n</code></div></pre>\n<p>方法中 path不能和params一起使用，否则params将无效。需要用name来指定页面。</p></p>\n<p>及通过路由配置的name属性访问.</p>\n', 'Vue中使用this.$router传递参数和取值', 'vue.js', '[{\"id\":\"5e4ab0f2d5a42\",\"value\":\"初级前端\"}]', '转载', '2020-04-20 15:37:07', 'https://blog.csdn.net/qq_40851816/article/details/80695124', 0, 1, 1, NULL),('5e9b48b117d80', '2025033966@qq.com', '阿拉丁', 'http://localhost/graduation_project/blog2/src/assets/avatar/bgTheame.jpg', '<p>我是一名程序员，从正值青春年华的 24 岁回到三线城市洛阳工作，至今已经 6 年有余。一不小心又暴露了自己的实际年龄，但老读者都知道，我驻颜有术，上次去看房子，业务员肯定地说：“小哥肯定比我小，我今年还不到 24。”我只好强颜欢笑：“你说得对。”</p>\n<p>从我拥有记忆到现在进入而立之年，我觉得，我做过最明智的选择有下面三个：</p>\n<p>1）高中三年，和一位女同学保持着算不上朋友的冷淡关系；大学半年，把这位女同学追到手变成了女朋友；在苏州的三年半，用尽各种手段把异地恋坚守了下来；回洛阳的那年，把女朋友变成了现在的老婆。</p>\n<p>2）在女朋友逼我买房的时候痛下决心（父母倾其所有，我们俩又四处借钱）在洛阳买了房。</p>\n<p>3） 24 岁回到洛阳在一家小公司工作（放弃掉更高的工资、更多的社交、更好的前程）。</p>\n<p>在 IT 圈，流传着一个 3 年魔咒：如果你在一家公司干了 3 年，要么晋升，要么跳槽。我就是在苏州的一家日企工作了 3 年半后离开的。我离开的原因不是没有晋升空间，公司刚给我涨薪，幅度还不小；部门的领导也找我谈话，要委以重任。主要上因为上面的第三个选择，女朋友半年前回到洛阳找到了一份体面的工作。我如果留在苏州，异地恋早晚要出问题。</p>\n<p>再说回魔咒的事，回到洛阳后，3 年魔咒被莫名其妙地打破了。6 年多时间，我竟然一直在为一个老板打工，估计要打工到公司倒闭。</p>\n<p>并不是因为我忠心耿耿，我的人生字典里没有孔夫子那套俗论。说实话，我曾三番五次动过换工作的心思，私下里也去过一些公司面试，收到过诚恳的邀请，这一点我不打算保密。但最终都没有成行。</p>\n<p>其中的缘由我来交代一下。我和老婆都不是独生子女，也就是说，双方的父母都无法只把精力扑到我们身上。于是，我们俩当中的一个必须要在事业上做点牺牲，才能照顾到我们的女儿。</p>\n<p>我的读者群体算是年轻的一代，短时间内恐怕无法体验对女儿宠溺的感觉（应该还有一些正处在被宠溺的过程中吧），自然也无法体验其中的辛苦。特别是女儿上了幼儿园之后，每天早上要送，下午要接；完事了还要上各种辅导班，比如说英语、乐高、体能、画画等等——我就是那个最兢兢业业的车夫。</p>\n<p>这些都需要时间和金钱。我的工资一开始还能和老婆持平，但随着时间的推移，就落下了很多。毕竟洛阳是个三线城市，程序员在这里可没有一线城市的薪资待遇——高薪什么的，可以幻想一下。</p>\n<p>照顾女儿的时间多了，工作的时间就相应的减少了；况且我渐渐地开始经营副业，也要占去不少的时间。有一段时间，父亲因病住了院，我必须要在医院照顾他，因此有将近一个月的时间我都无法处理工作上的事情。当时心里挺过意不去的，毕竟公司小，核心业务只有我知道，核心代码也只有我能写。</p>\n<p>但老板不但没有克扣我的工资，还一直安抚我的情绪：</p>\n<pre><code class=\"lang-language\">工作上的事就暂时搁置吧，没事的。好好照顾你父亲就行了。另外，就是自己要注意休息，别自己也累倒了。\n</code></pre>\n<p>当时挺感动的。一米七三大个的我，眼泪直在眼眶里打转。</p>\n<p>父亲转危为安后，劝我回去工作，我底气十足地顶回去了。做儿子的，一生能够孝敬父母几次呢，都是有数的。况且我不用担心工作上的事。</p>\n<p>通过这件事，我算是明白了。</p>\n<p>之前在苏州的时候，公司不算大，四百多号员工吧。但请假的时候，要走流程，各种繁琐的流程，超过一周还要找总经理（日本人，驻厂的荣誉代表）审批。我日语就会背个五十音图，有一次请病假，还找了个翻译一起陪同。</p>\n<p>对比一下，你就能感受出其中的差别。我现在所在的公司虽然小，但充满温情，这在人生的特殊时刻，特别重要。</p>\n<p>如果我是在某些制度严苛的公司的话，我这种情况的，基本上就歇菜了。一个月不工作，工资不扣成负数的都算是菩萨显灵了。</p>\n<p>随着时间的推移，我越来越觉得，我在目前这家公司就是最佳的选择。近三个月时间，我就去过公司两三趟，去那和老板讨论一些微信上说不清楚的需求。有时候我走不开，他就开车到我们家楼下，车上面谈。</p>\n<p>人生特别讽刺的一点就是，你年轻力壮，在大公司努力拼搏，为了晋升加薪，有时候不择手段；但当你三十多岁，正想大展拳脚的时候，老板说：“你这个老宝贝，该去回馈社会了。”</p>\n<p>再或者，你年轻力壮，在小公司努力创业，为了大展宏图，有时候忽略家庭；但当公司经营惨淡的时候，投资人对你说：“你还是去找份差事‘安享晚年’吧。”</p>\n<p>像我这样幸运的，实在是少数！公司不亏待，副业稳步上升，家庭也不耽误。更重要的是，身体上也没什么消耗。随着年纪的增长，反倒有点“越老越香”的感觉。</p>\n<p>我今年 30 岁，算是在三线城市“混吃等死”吧， 有的时候也觉得自己缺乏“拼搏”的激情。但时间再往后推 5 年，10 年，谁又敢说我这种人生不值得呢？</p>\n<p>相反，这就是我的理想生活：</p>\n<ul>\n<li>工作时间自由，地点自由，从没有加班这一说，只有迟到和早退。</li>\n<li></li>\n<li>想去哪里就去哪里，甚至都不需要和老板吱一声。</li>\n<li></li>\n<li>家庭和生活完美兼顾。</li>\n<li></li>\n<li>工资虽然不高，但加上副业，也算是能够在洛阳混个中产吧。</li>\n<li></li>\n<li>亲人都在身边，虽然不是天天团聚，但逢年过节的时候，总能吃上母亲亲手做的饭菜，是真的香。</li>\n</ul>\n<p>至于好不好，不同的年龄，不同的环境，不同的经历，当然会有不同的感受。别羡慕我，你多半会承受不起三线城市黯淡无光的前程，以及惨不忍睹的福利待遇。</p>\n<p>但如你所想，我过得还算不错，有房有车，老婆和女儿一样漂亮；工资虽然和一线城市没法比，但副业的收入让我的生活过得有滋有味。</p>\n<h3><a id=\"_65\"></a>最后，还有很多读者问我是怎么学习的，那我干脆就把我看过的一些优质书籍贡献出来：</h3>\n<p>计算机基础入门推荐：《程序是怎样跑起来的》、《网络是怎样连接的》、《计算机是怎样跑起来的的》</p>\n<p>进一步认识计算机网络：《计算机网络:自顶向下》、《图解http》</p>\n<p>数据结构+算法入门：《大话数据结构》、《阿哈算法》</p>\n<p>算法进阶：《算法第四版》、《编程珠玑》</p>\n<p>由于我是 Java 技术栈的，顺便推荐几本 Java 的书籍，从左到由的顺序看到</p>\n<p>Java：《Java核心技术卷1》、《编程思想》、《深入理解Java虚拟机》、《effective Java》、《Java并发编程的艺术》</p>\n<p>数据库：《mysql必知必会》、《MySQL技术内幕：InnoDB存储引擎》</p>\n<p>就先介绍这么多，这些都是最基础最核心的，希望对那些不知道看什书的同学有所帮助。</p>\n', '在三线城市工作爽吗？', 'mysql', '[{\"id\":\"5e4ab51025b9b\",\"value\":\"生活记录\"}]', '转载', '2020-04-19 02:36:33', 'https://blog.csdn.net/qing_gee/article/details/104323806?depth_1-utm_source=distribute.pc_feed.none-task-blog-alirecmd-1&request_id=&utm_source=distribute.pc_feed.none-task-blog-alirecmd-1', 1, 1, NULL, NULL),('5e9b536ff1e7c', '1260987356@qq.com', '辛兴然', 'http://localhost/graduation_project/blog2/src/assets/avatar/003.jpg', '<h3><a id=\"_0\"></a>文章目录</h3>\n<ul>\n<li>PanDownload简介</li>\n<li>个人对PanDownload作者被抓的观点</li>\n<li>百度网盘</li>\n<li>简单nas成本计算</li>\n<li>总结</li>\n</ul>\n<h3><a id=\"PanDownload_8\"></a>PanDownload简介</h3>\n<p><img src=\"https://img-blog.csdnimg.cn/20200416154513974.png?x-oss-process=image/watermark,type_ZmFuZ3poZW5naGVpdGk,shadow_10,text_aHR0cHM6Ly9ibG9nLmNzZG4ubmV0L3FxXzM5NjExMjMw,size_16,color_FFFFFF,t_70\" alt=\"1\" /><br />\nPanDownload说简单点,就是利用多线程技术来避开百度的限速让免费用户也能体验到百度网盘的高速下载,在技术层面上PanDownload的作者在我看来是个大佬,他的技术是当前的我要仰望的。<br />\n我个人的观点是PanDownload的确让一些用户享受到了收费用户的待遇,他使用户获了利,当然我个人也是使用过此工具的,可以说现在常用的几个网盘加速工具我都用过,这些加速工具甚至比冲了会员的官方下载还快</p>\n<p><img src=\"https://img-blog.csdnimg.cn/20200416160946936.png?x-oss-process=image/watermark,type_ZmFuZ3poZW5naGVpdGk,shadow_10,text_aHR0cHM6Ly9ibG9nLmNzZG4ubmV0L3FxXzM5NjExMjMw,size_16,color_FFFFFF,t_70\" alt=\"2\" /></p>\n<p>个人推测:百度会员还是会有一定的限速或者每个传输连接都有一个带宽上线,而多线程是伪造多个用户下载来实现提速,就是创造多个连接,所以是下载速度是无上限的。<br />\n比如下载东西普通用户是一个小水管,超级会员是一个大水管,而多线程就是有多个小水管,只要小水管数量够多,就完全可以做到比大水管速度还快</p>\n<h3><a id=\"PanDownload_18\"></a>个人对PanDownload作者被抓的观点</h3>\n<p>PanDownload作者是让我感到可惜,但个人感觉百度网盘这样做是可以理解的,我知道大多数PanDownload用户都无法接受这个事实,PanDownload为他们提供了免费的高速下载服务,但却被告有罪,甚至要求巨额赔偿,对PanDownload很不公平,然后把所以气都撒在百度网盘上,认为都是百度网盘的错。但我觉得这样的行为是很不理智的。</p>\n<p><img src=\"https://img-blog.csdnimg.cn/20200416161055268.png?x-oss-process=image/watermark,type_ZmFuZ3poZW5naGVpdGk,shadow_10,text_aHR0cHM6Ly9ibG9nLmNzZG4ubmV0L3FxXzM5NjExMjMw,size_16,color_FFFFFF,t_70\" alt=\"3\" /></p>\n<p>PanDownload作者为什么会被告?百度官方的解释是PanDownload致使他们损失上千万,这里官方如果说的是直接损失,那么我会质疑其中有严重夸大的行为。<br />\nPanDownload作者如果自己做底层云盘服务,而非在百度云盘的基础上做破解服务,就不会出现今天的事情了。而为什么PanDownload作者不自己做?我觉得究其原因无非有两个,一个是成本,一个是技术。几年前,一大堆主流厂商都没有顶住网盘的成本,仅仅凭借一个个人开发者,那是更加不可能的。<br />\n假设你是一个开发者,你的软件的收费服务被人破解后公开在网上供给所有人免费使用,你会作何感想?对挣不挣钱无所谓?但百度可不是这样的圣人,他是一家已盈利为目的的公司,各种不光彩(百度搜索我就不多说了)的盈利手段它都能用的出来,通过云盘这种正规的手段他怎么可能不去全力维护?</p>\n<h3><a id=\"_28\"></a>百度网盘</h3>\n<p>百度是一款盈利性产品,他通过广告和会员来进行盈利</p>\n<p><img src=\"https://img-blog.csdnimg.cn/20200416163615370.png?x-oss-process=image/watermark,type_ZmFuZ3poZW5naGVpdGk,shadow_10,text_aHR0cHM6Ly9ibG9nLmNzZG4ubmV0L3FxXzM5NjExMjMw,size_16,color_FFFFFF,t_70\" alt=\"5\" /></p>\n<p>这是当前会员原价,不过在一些活动的时候价钱会降低,比如我就是在去年周年的时候已188的价格购入</p>\n<p><img src=\"https://img-blog.csdnimg.cn/20200416163717501.png?x-oss-process=image/watermark,type_ZmFuZ3poZW5naGVpdGk,shadow_10,text_aHR0cHM6Ly9ibG9nLmNzZG4ubmV0L3FxXzM5NjExMjMw,size_16,color_FFFFFF,t_70\" alt=\"6\" /></p>\n<p>我们可以粗略来算一下百度网盘的成本,<br />\n首先是服务器集群,百度在山西阳泉数据中心大约有16万个存储器可以存储614万TB的数据。最少有上万台服务器。占据位置不会比足球场小。而服务器集群一般要求无菌无尘低温环境。所以一般大型的服务器集群都是建立在一个封闭且有空调的室内。除了这些一次性成本外,持续运行需要巨额电费,网费,不同于我们家用用户,这里需要三大运营商都通网。每年成本最少都是按亿来计算的。而且一般一套成熟的服务器集群都会有两套备份,一套本地备份,一套异地备份,以防天灾人祸。而且上述还没有计算任何人力成本,从服务场地搭建到服务端,客服端所有程序都是李彦宏一人完成来算。<br />\n这样的巨额成本来算,其实188一年的超级会员真的是可以接受的,百度作为一家盈利性企业来算,他想的并不是仅仅回本,还需要进行盈利。如果你觉得盈利这件事很不光彩,互联网企业就应该所以产品都免费,那我只能说你在做梦。<br />\n如果你是在接受不了百度需要通过限速来迫使用户充值会员进行盈利的手段,可以选择搭建个人nas或者使用其他网盘服务,比如说当前蓝奏云就比较受欢迎(好像免费用户只能上传一百MB的单个文件,会员才能上传更大的文件)还有皮皮盘(非会员同样下载限速,不过会员比百度便宜)。你有充分的个人选择权,国内外网盘厂商也有很多家,没有人要求你必须用哪家。</p>\n<h3><a id=\"nas_42\"></a>简单nas成本计算</h3>\n<p>这里我先以一个普通程序员的视角来粗略计算一个我们个人使用的nas所需成本。<br />\n如果是nas发烧友或者是高玩,有技术水平可以将一台报废主机改为nas,但当前我并没有此实力,并且我相信大部分人都没有。这里的成本就不计算类似这种的极端情况。<br />\n首先我们必须买一个nas主机,甚至可以是二手的,咸鱼上粗略查看,都是在两百上下,在看一个4T硬盘也是在400元上下。然后其他东西我们都不算</p>\n<p><img src=\"https://img-blog.csdnimg.cn/20200416163122881.png?x-oss-process=image/watermark,type_ZmFuZ3poZW5naGVpdGk,shadow_10,text_aHR0cHM6Ly9ibG9nLmNzZG4ubmV0L3FxXzM5NjExMjMw,size_16,color_FFFFFF,t_70\" alt=\"6\" /></p>\n<p>这里就按600来算,这也只是硬件价钱<br />\n我们还要解决的一个问题,也是很关键的一个问题是网络,很多地区的个人用户是无法像运营商索取固定ip的,需要开通专用线路才能获取固定ip,但专用线路基本月收费都是千元以上。还一直方式是通过反向代理,这个需要一定的技术实力,通过购买的服务器实现反向代理。但一般国内比较稳定的服务器厂商5兆宽带最便宜年份也要解决四百多,而且这个价位都很难找到,大部分也只是针对新用户。</p>\n<p><img src=\"https://img-blog.csdnimg.cn/2020041616290949.png?x-oss-process=image/watermark,type_ZmFuZ3poZW5naGVpdGk,shadow_10,text_aHR0cHM6Ly9ibG9nLmNzZG4ubmV0L3FxXzM5NjExMjMw,size_16,color_FFFFFF,t_70\" alt=\"8\" /></p>\n<p>个人搭建nas的学习成本也是相对较高。</p>\n<h3><a id=\"_56\"></a>总结</h3>\n<p>根据上述相比,我觉得百度网盘他做的可能是有些过分,但没有错,他的过分在限速过低,对PanDownload作者不先警告(可能警告了,这个我没了解过),不听后在采取行动,但在会员收费上,理解百度这样的做法。我也希望大家不要因为PanDownload在不停的喷击百度网盘,这没有任何意义!!!甚至还有人说,让百度想想为什么这么多人因为PanDownload来喷百度,这里我就来提百度说明一下:‘因为PanDownload的关停导致这些人的利益受损,他们不能在免费使用会员才能体验到的服务。’ 还有我觉得很多人把使用破解版当成一个很自豪的事情让我感觉到了很自卑。开发者辛苦开发出来的软件,你找到了破解版免费使用这里面到底哪里让人感觉自豪了?你能找到破解版?还是你能免费使用到人家掏钱才能用上的服务?的确白嫖使我快乐,但使我快乐的白嫖是通过官方的正规渠道白嫖的得来的,而非是非法破解得来的!!!</p>\n', 'PanDownload作者被抓,为何大家都对百度网盘如此气愤?', 'mysql', '[]', '转载', '2020-04-19 03:22:23', 'https://blog.csdn.net/qq_39611230/article/details/105559113?depth_1-utm_source=distribute.pc_category.none-task-blog-hot-1&request_id=&utm_source=distribute.pc_category.none-task-blog-hot-1', 0, 1, NULL, NULL),('5e9d407abccb1', 'dehefo8816@govdep5012.com', '阿狸爱悟空', 'http://localhost/graduation_project/blog2/src/assets/avatar/1113.jpg', '<h3><a id=\"_0\"></a>前言</h3>\n<p>因为需求的变更，需要把原来的代码做一下备份，再进行下一步的开发，所以 这是就将原来的代码创建一个新的分支来保存原来的代码，以防后面需要回滚，这里记录一下操作的步骤</p>\n<h3><a id=\"_2\"></a>第一步：可以先查看一下当前所在分支</h3>\n<pre><div class=\"hljs\"><code class=\"lang-JavaScript\">git branch\n</code></div></pre>\n<p><img src=\"https://imgconvert.csdnimg.cn/aHR0cDovL2ltZy5ibG9nLmNzZG4ubmV0LzIwMTgwMzEyMTc0MTE5NTEw?x-oss-process=image/format,png\" alt=\"1\" /></p>\n<h3><a id=\"_7\"></a>第二步：创建本地分支并切换到新创建的分支</h3>\n<pre><div class=\"hljs\"><code class=\"lang-JavaScript\">git checkout -b dev\n</code></div></pre>\n<p><img src=\"https://imgconvert.csdnimg.cn/aHR0cDovL2ltZy5ibG9nLmNzZG4ubmV0LzIwMTgwMzEyMTc0MTU1NjMx?x-oss-process=image/format,png\" alt=\"2\" /></p>\n<p>已经创建成功了，可以看一下</p>\n<pre><div class=\"hljs\"><code class=\"lang-JavaScript\">git branch\n</code></div></pre>\n<p><img src=\"https://imgconvert.csdnimg.cn/aHR0cDovL2ltZy5ibG9nLmNzZG4ubmV0LzIwMTgwMzEyMTc0MjI1NjYy?x-oss-process=image/format,png\" alt=\"3\" /></p>\n<h3><a id=\"github_19\"></a>第三步：将新创建的分支信息推送到github</h3>\n<pre><div class=\"hljs\"><code class=\"lang-JavaScript\">git push origin HEAD -u\n</code></div></pre>\n<p><img src=\"https://imgconvert.csdnimg.cn/aHR0cDovL2ltZy5ibG9nLmNzZG4ubmV0LzIwMTgwMzEyMTc0MjU3NDY4?x-oss-process=image/format,png\" alt=\"34\" /></p>\n<p>可以到github看一下</p>\n<p><img src=\"https://imgconvert.csdnimg.cn/aHR0cDovL2ltZy5ibG9nLmNzZG4ubmV0LzIwMTgwMzEyMTc0MzE4MjIx?x-oss-process=image/format,png\" alt=\"3\" /></p>\n<h2><a id=\"_23\"></a>题外话：</h2>\n<h3><a id=\"Contribution_24\"></a>仅仅只是创建新的分支是不会被计入Contribution的</h3>\n', 'Git创建新分支并提交到github', 'git', '[]', '转载', '2020-04-20 14:26:02', 'https://blog.csdn.net/daerzei/article/details/79530418', 0, 1, NULL, NULL),('5e9d439fae9e6', 'dehefo8816@govdep5012.com', '阿狸爱悟空', 'http://localhost/graduation_project/blog2/src/assets/avatar/1113.jpg', '<p>私下里，有不少读者问我：“二哥，如何才能写出一份专业的技术简历呢？我总感觉自己写的简历太烂了，所以投了无数份，都石沉大海了。”说实话，我自己好多年没有写过简历了，但我认识的一个同行，他在阿里，给我说了一些他当年写简历的方法论，我感觉太牛逼了，实在是忍不住，就分享了出来，希望能够帮助到你。</p>\n<h3><a id=\"01_2\"></a>01、简历的本质</h3>\n<p>作为简历的撰写者，你必须要搞清楚一点，简历的本质是什么，它就是为了来销售你的价值主张的。往深处说，简历就是一块敲门砖，它通过白纸黑字的方式告诉招聘方，我是谁，我想来贵公司担任什么职位，我能够完成什么样的工作，我能够为公司带来什么价值，我期望的薪资是多少。</p>\n<p>然后，把招聘方看得口水直流，哎呀，这个程序员真不错啊，我不趁早下手就可能被别人抢走了。赶紧回邮件，赶紧电话通知来面试——简历的目的就达到了，剩下就交给你的面试技巧了。</p>\n<h3><a id=\"02_7\"></a>02、简历的形式</h3>\n<p>对于大多数普通的程序员来说，简历的形式当然就是文本，顶多附上一张帅气美丽的头像，正式一点的。我推荐你使用 Markdown 来编写，然后生成 PDF，再发送给招聘方。为什么要 PDF 呢？PDF 可以保证收件人的阅读效果，无论他是通过手机，还是 PC 浏览器，或者 PDF 阅读器。</p>\n<p>那怎么把 Markdown 写的简历生成 PDF 版呢？我推荐下面这个网址：</p>\n<p>http://cv.ftqq.com/</p>\n<p>我自己上去试了试，确实好用。</p>\n<p><img src=\"https://imgconvert.csdnimg.cn/aHR0cHM6Ly91cGxvYWQtaW1hZ2VzLmppYW5zaHUuaW8vdXBsb2FkX2ltYWdlcy8xMTc5Mzg5LTZmN2RlMWFlN2M2YTAxMjYucG5n?x-oss-process=image/format,png\" alt=\"w\" /></p>\n<p>最左边的核心菜单有 4 个，编辑、下载（md 格式）、PDF（生成 PDF 版）、教程（也就是本文参考的来源，我已购买），如果觉得不错的话，也可以捐赠一下作者，毕竟他也是付出了很多心血。</p>\n<p>内容菜单有 6 项，分别是联系方式（手机、邮箱、微信等）、个人信息（姓名、学历、工作年限、博客地址、GitHub、期望的职位、期望的薪资等等）、经历证明（做过哪些牛逼的项目）、技能清单（Java、Spring、Mybatis、MySQL、Springboot、Springcloud、Redis、Junit）、致谢（最后最后，千万别忘记说一声谢谢，毕竟招聘方确实花了时间看了你的简历，一声谢谢非常有必要）</p>\n<h3><a id=\"03_22\"></a>03、简历的内容</h3>\n<p>切记，切记，有不少读者让我看他们的简历，给出一些修改的建议，我最不想看到的就是记流水账，诸如我上过什么专业，我得过多少奖（从小奖到大奖，一个也不落），参加过什么项目（就是不说自己在这个项目中解决了什么问题，核心的贡献是什么），有哪些兴趣爱好（喜欢书法、喜欢听音乐、看电影，这真没必要写）。</p>\n<p>之前说了，简历要传递你的价值主张，这里有一个法则可以遵循：</p>\n<p>Feature：是什么<br />\nAdvantage：比别人好在哪<br />\nBenefit：如果雇你，公司会得到什么效益<br />\n举个例子，我在 2019 年参与了 XXX 项目的开发。作为核心程序员，不但能够提前完成属于自己的开发任务，还设计了一个高效的缓存中间件，大大提高了系统的性能（F）。</p>\n<p>该中间件上线后，Web 前端性能从 10 QPS 提升到 120 QPS，服务器由 10 台缩减为 5 台（A）。</p>\n<p>鉴于之前的良好表现，我在 2020 年升任项目主要负责人，虽然小组成员只有 5 个人，但硬生生地肩负起了每天超过 2000 万的 PV。（B）</p>\n<p>证明自己价值的同时，不要过于粉饰自己，免得让招聘方觉得你在故意夸大事实，引起不必要的反感，要懂得适可而止。你所描述的，都应该是证明你实力的有效证据：</p>\n<p>01）经历证明是一个很好的逻辑，你在什么地方干过什么事，你有这样的成绩，来到公司后一定能够胜任相应的工作。提醒一句，毕业后能进大厂对你以后的职业道路有很大帮助。</p>\n<p>02）能力证明，比如说你在大学期间开源了一个标星 1 万+的开源项目。</p>\n<p>03）学习能力的证明，你很聪明，很容易接纳新的技术，并且能够吃透技术的本质，探索技术背后的性能瓶颈。</p>\n<h3><a id=\"04_44\"></a>04、总结</h3>\n<p>我还有一个读者目前在成都，去年毕业后找了一份 Java 开发的工作，干了一年薪资 4K，感觉很迷茫，过来找我聊天，说他的一个同学直接通过简历包装，面试后拿到了 6K。听他的语气，心里一定是极度不平衡的。</p>\n<p>虽然说，凭实力挣钱，但如果你的简历写得好，绝对是锦上添花。这就好像，诸葛亮和庞统，虽说齐名——“卧龙凤雏”，但长相上真的差距大，结果呢，一个刘备跪着求了三次；一个直接扔到鸟不拉屎的破地方干。</p>\n<p>换句话说，就是简历（长相）的差别。虽然我们强调“不要双标，不要双标”，但现实中，就这么骨干。你说你还不好好整份简历？</p>\n<h3><a id=\"05_52\"></a>05、最后，还有很多读者问我有没有简历模板，那我干脆就把我的一份贡献出来：</h3>\n<pre><code class=\"lang-language\">对了，你可以在我的原创微信公众号『沉默王二』回复『简历』获取哦\n</code></pre>\n<h3><a id=\"_56\"></a>有收获？希望老铁们来个三连击，给更多的同学看到这篇文章</h3>\n<p>1、老铁们，关注我的原创微信公众号「沉默王二」，专注于有趣有益的程序人生，保证你看完有所收获，不信你打我。</p>\n<p>2、给二哥点个赞呗，可以让更多的人看到这篇文章，顺便激励下我，嘻嘻。</p>\n', '我入职阿里后，才知道原来简历这么写', 'github', '[]', '原创', '2020-04-20 14:39:27', '', 0, 1, NULL, NULL),('5e9d49770ff18', 'bicapa1273@hubopss.com', '梦娜丽莎', 'http://localhost/graduation_project/blog2/src/assets/avatar/u=3072174761,4226157958&fm=26&gp=0.jpg', '<p>昨天看到一档综艺节目，讨论了两个话题：</p>\n<p>（1）中国学生的数学成绩，平均下来看，会比国外好？为什么？</p>\n<p>（2）男生的数学成绩，平均下来看，会比女生好？为什么？</p>\n<p></p>\n<p>同时，我又联想到了一个技术圈经常讨论的话题：</p>\n<p>互联网公司，做技术的人，平均下来看，为什么男生会比女生多，是男生更适合写代码么？男生的技术更好么？</p>\n<p></p>\n<p>就在今天，女神节，谈谈自己的一些思考。</p>\n<p></p>\n<h4><a id=\"1_vs__18\"></a>问题1：中国学生数学成绩 vs 外国学生数学成绩</h4>\n<p>中国是一个非常重视基础教育的国家，从一岁两岁开始，就开始教数数；从小学开始，就开始教加减乘除，二元一次方程；从中学开始，就开始教手动开根号…</p>\n<p>画外音：在外国友人眼里，手动开根号，就是神！</p>\n<p>对于我个人来说，小学就搞各种奥赛，甚至我小时候的理想，就是长大做一名数学家（另一个理想，是做飞行员）。</p>\n<p>画外音：你小时候的理想是什么？</p>\n<p></p>\n<p>这些，是咱们<strong>潜移默化的认知，是几百年的传统。</strong></p>\n<p></p>\n<p>西方国家，最早上学，是以“玩”为主，注重锻炼小朋友的沟通能力，动手能力，探索能力，解决问题能力，创新能力… 数学，作为工具，系统性学习相对较晚。</p>\n<p></p>\n<p>能稍微解释一点了么？</p>\n<h4><a id=\"2_vs__40\"></a>问题2：男生数学成绩 vs 女生数学成绩</h4>\n<p>中华文化，几千年的传统是啥？男生赚钱，女生养家，是否是这样？</p>\n<p></p>\n<p>生了一个男孩，父母是不是更重视教育（理科教育）？父母是不是从小就和你说，男生适合理科，以后要考大学，数学重要？</p>\n<p></p>\n<p>生了一个女孩，父母是不是更偏重教育她，什么是美，什么是漂亮，什么是得体？你一个女孩子，不能爬树，不能打闹，不能大喊大叫，怎么像一个男孩子一样？今后嫁都嫁不出去？</p>\n<p>画外音：“像男孩子”怎么就成了贬义词了呢？</p>\n<p></p>\n<p>这些，是咱们潜移默化的认知，是几千年的传统。</p>\n<p></p>\n<p>仔细想想，回顾一下咱们小时候咱们自己，咱们身边的人的经历，是不是这样？</p>\n<h4><a id=\"3_vs__61\"></a>问题3：男工程师 vs 女工程师</h4>\n<p>A：我要去互联网公司做程序员？</p>\n<p>B：你疯了？程序员很累的… 女生不适合做程序员，还是去做产品经理吧。</p>\n<p>画外音：我去，产品经理不累吗？</p>\n<p></p>\n<p>并不是女生不适合写代码，也不是女生写不好代码，<strong>固化的认知，普世的观念，让女生在做选择的时候，背负了更多了压力</strong>，才导致了这样的结果。是不是这个逻辑？</p>\n<p></p>\n<p>我们应该如何做？</p>\n<p>不管是女生，还是男生，不管是择业，还是择偶，都存在类似的问题：你应该怎么怎么样，女生/男生更适合怎么样怎么样？</p>\n<p></p>\n<p>这个“应该”，这个“更适合”，就是固化的认知，普世的观念，它们会在我们做选择时，给我们戴上无形的枷锁。</p>\n<p></p>\n<p>我的经验是，每当自己受到隐形的压力时，心中默念三句话：</p>\n<p><strong>（1）我过我的人生；</strong></p>\n<p><strong>（2）我要做真实的自己；</strong></p>\n<p><strong>（3）我为自己的选择负责；</strong></p>\n\n女神节，和老婆喊句话：\n\n    我爱你\n\n    不是因为你是谁\n\n    而是因为\n\n    你是你\n\n\n**希望，程序媛越来越多。**\n\n**也祝大家，早日找到心中的女神/男神。**\n<p>————————————————<br />\n', '女程序员，为什么比男程序员少？？？', 'html', '[{\"id\":\"5e9d47a760a3f\",\"value\":\"垃圾分类\"}]', '原创', '2020-04-20 15:04:23', '', 0, 1, NULL, NULL),('5e9d6917bcb40', 'vovom92053@emailhost99.com', '贝多芬fance', 'http://localhost/graduation_project/blog2/src/assets/avatar/u=777539253,45035582&fm=26&gp=0.jpg', '<p>一口气看完了。</p>\n<p>看完了以后，我对照着自己这10多年的经历反思了一下，我还真的掉进过视频中所说的坑！所以特别想和大家分享一下。</p>\n<p>急性子的同学可以直接拉到文末，去看看这个制作精良，引人入胜的视频，很短，只有10分钟左右。</p>\n<p>不指望你看了视频以后有翻天覆地的变化，只要能够有一点儿触动，能够做出一点儿改变，就值了。</p>\n<p>第一个坑是害怕失败。<br />\n————————————————<br />\n版权声明：本文为CSDN博主「码农翻身」的原创文章，遵循CC 4.0 BY-SA版权协议，转载请附上原文出处链接及本声明。<br />\n原文链接：https://blog.csdn.net/coderising/article/details/104421819</p>\n<p><img src=\"https://imgconvert.csdnimg.cn/aHR0cHM6Ly9tbWJpei5xcGljLmNuL21tYml6X3BuZy9LeVhmQ3JNRTZVSm5rVUtCTGNDZVJsMnB3Qzg4ejNPOVhZc2FabUlZTkN1Qzl0TllGaFcyUHVPM2RpY094UzFxVVBLMmp4UlRITUlwRmg0czJRcG9wM2cvNjQw?x-oss-process=image/format,png\" alt=\"scs\" /></p>\n', '大多数人永远不会真正成功？', 'windows', '[{\"id\":\"5e9d71e53c2c2\",\"value\":\"随便去个名字\"}]', '原创', '2020-04-20 17:58:09', '', 1, 1, NULL, NULL),('5e9d714426da2', 'vovom92053@emailhost99.com', '贝多芬fance', 'http://localhost/graduation_project/blog2/src/assets/avatar/u=777539253,45035582&fm=26&gp=0.jpg', '<h2><a id=\"_0\"></a>第一是多关注新技术，技术人喜欢尝新，但是不要为了新技术而去用新技术，需要有合适的切入点。</h2>\n<ul>\n<li></li>\n<li>第二，多去深入业务，积极思考业务的问题，用技术的手段去解决业务问题，这些其实在你面试的时候也是可以作为亮点的加分项。</li>\n<li>第三，如果觉得一直在做重复劳动，多把一些可复用的能力抽象出来（这个不多说了，最基础就是组件库，还有很多可以做），从重复劳动中解放出来，既可以给业务带来价值，也可以有更多时间做更多的技术尝试。</li>\n<li>第四是对技术不要浅尝则止，需要深入去研究，当然，需要带着问题去研究，否则意义也不大。</li>\n<li>第五，技术广度也非常重要，多看看别人在做什么，有什么可以借鉴的（大厂的分享非常多，可以去看看）。</li>\n<li></li>\n</ul>\n<p><img src=\"https://user-gold-cdn.xitu.io/2020/4/20/17195758b450c095?imageslim\" alt=\"dsfs57\" /></p>\n<p>《剖析 Vue.js 内部运行机制》的作者，阿里巴巴高级前端工程师</p>\n<p><img src=\"http://localhost/graduation_project/blog2/src/assets/article/u=3072174761,4226157958&amp;fm=26&amp;gp=0.jpg\" alt=\"u=3072174761,4226157958fm=26gp=0.jpg\" /></p>\n', '掘金 AMA：关于「个人成长」&「前端」&「技术写作」那些问题---染陌来为你解答', 'github', '[]', '原创', '2020-04-20 17:54:12', '', 0, 1, NULL, NULL),('5e9d9ef9ba9d6', 'potoxi1823@officemalaga.com', '昵称123', 'http://localhost/graduation_project/blog2/src/assets/avatar/20180627170853_HcvVh.jpg', '<p><img src=\"https://ss1.bdstatic.com/70cFvXSh_Q1YnxGkpoWK1HF6hhy/it/u=4012470373,3540768040&amp;fm=26&amp;gp=0.jpg\" alt=\"123\" /></p>\n<p><strong>经济观察网</strong><br />\n王义伟/文 一波未平，一波又起。台湾的防疫工作刚刚因为一位女公关的确诊闹得人心惶惶，又因一艘远航归来的军舰上发现24名确诊病患而面临更加严峻的考验。</p>\n<p>在仔细研究了相关信息之后，笔者认为，台湾此次防疫再出漏洞，有四条教训。</p>\n<p>第一条教训，部门鄙视链作祟，疫情期间出访未报备。</p>\n', '台海观澜｜破绽留痕，台湾防疫再出漏洞的四条教训', 'git', '[]', '原创', '2020-04-20 21:11:30', '', 0, 1, 1, NULL);
UNLOCK TABLES;
COMMIT;
BEGIN;
LOCK TABLES `blog`.`collection_clip` WRITE;
DELETE FROM `blog`.`collection_clip`;
INSERT INTO `blog`.`collection_clip` (`id`,`bind`,`title`,`describe`,`timestamp`,`power`,`followers`,`amount`) VALUES ('5e8ac909b3c7f', '1260987356@qq.com', 'KRPT', 'THHJJF', '2020-04-19 22:36:18', 1, 0, 2),('5e9b10554227e', '2025033966@qq.com', '收藏佳佳', '3333', '2020-04-29 11:10:43', 1, 3, 3),('5e9b11a5deda2', '1260987356@qq.com', 'VDSD', '545451', '2020-04-19 22:36:20', 2, 1, 0),('5e9c0f7ac4ce0', '2025033966@qq.com', '前端开发工具', '开发工具。', '2020-04-29 08:48:06', 1, 0, 1),('5e9d3f00a4628', 'dehefo8816@govdep5012.com', '默认收藏夹', '1111', '2020-04-21 20:19:15', 1, 2, 1),('5e9d40911e316', 'dehefo8816@govdep5012.com', 'GIT', 'GIT', '2020-04-21 20:19:16', 1, 2, 1),('5e9d46f5df282', 'bicapa1273@hubopss.com', '微笑面对生活', '啦啦啦', '2020-04-21 19:31:16', 1, 1, 3),('5e9d478094c86', 'bicapa1273@hubopss.com', 'Git', 'GIt的操作！！！', '2020-04-21 19:31:17', 1, 1, 1),('5e9d4e516b276', 'goceg27337@emailhost99.com', '默认收藏夹', '111', '2020-04-20 16:47:19', 1, 0, 4),('5e9d67015120f', 'vovom92053@emailhost99.com', '钢琴秘籍', 'vovom92053@emailhost99.com', '2020-04-27 22:57:00', 1, 2, 1),('5e9d7795e1d11', 'cajaka9696@govdep5012.com', '111', '12233', '2020-04-20 18:29:08', 2, 0, 1),('5e9d91b9dce7b', 'soyehot718@2go-mail.com', '收藏夹1235', '收藏夹1', '2020-04-20 20:24:56', 1, 1, 1),('5e9d94ab3e8b5', 'soyehot718@2go-mail.com', '收藏夹', '收藏夹', '2020-04-20 20:25:18', 2, 0, 1),('5e9d9e27a43c4', 'potoxi1823@officemalaga.com', '学习类11', '学习类1111', '2020-04-29 11:22:39', 1, 6, 3),('5e9da0e57ec5e', 'potoxi1823@officemalaga.com', '鱼类', '鱼类', '2020-04-29 11:22:39', 1, 3, 1),('5e9e65ce07b6d', 'potoxi1823@officemalaga.com', '11', '11', '2020-04-29 11:22:39', 1, 1, 0),('5e9eb085c44bb', 'voyonat452@homedepinst.com', '默认收藏夹', '默认收藏夹', '2020-04-21 16:44:06', 1, 1, 0),('5e9ed91b37f27', 'rakixed706@johnderasia.com', '新建收藏夹', '新建收藏夹', '2020-04-21 19:30:27', 1, 0, 2),('5e9ee47a17a81', 'tafaxi6116@officemalaga.com', '收藏夹1111', '收藏夹1111', '2020-04-21 20:21:10', 1, 0, 2),('5e9ee491e00a8', 'tafaxi6116@officemalaga.com', '00000333', '00000333', '2020-04-21 20:21:10', 2, 0, 1),('5e9f9a4033492', 'lahoh76191@homedepinst.com', '1233', '123233', '2020-04-22 09:14:01', 1, 0, 0);
UNLOCK TABLES;
COMMIT;
BEGIN;
LOCK TABLES `blog`.`collection_detail` WRITE;
DELETE FROM `blog`.`collection_detail`;
INSERT INTO `blog`.`collection_detail` (`id`,`pathId`,`bindId`,`authorId`,`articleId`,`time`,`title`,`author`,`pubdate`) VALUES (107, '5e8ac909b3c7f', '1260987356@qq.com', '2025033966@qq.com', '5e5b56012009f', '2020-04-06 14:17:07', 'git branch常用分支操作', '阿拉丁', '2020-03-01 14:28:17'),(110, '5e8ac909b3c7f', '1260987356@qq.com', '2025033966@qq.com', '5e4e4cf15bcb3', '2020-04-06 23:21:55', '我快 30 了，前途在哪里？', '阿拉丁', '2020-02-24 22:49:33'),(153, '5e9b10554227e', '2025033966@qq.com', '2025033966@qq.com', '5e9b3d0f3d3a1', '2020-04-19 10:05:47', 'Vue中使用this.$router传递参数和取值', '阿拉丁', '2020-04-19 02:32:14'),(155, '5e9d3f00a4628', 'dehefo8816@govdep5012.com', '2025033966@qq.com', '5e9c04e7d80eb', '2020-04-20 14:20:10', 'cacsascac', '阿拉丁', '2020-04-19 15:59:35'),(156, '5e9d40911e316', 'dehefo8816@govdep5012.com', 'dehefo8816@govdep5012.com', '5e9d407abccb1', '2020-04-20 14:26:27', 'Git创建新分支并提交到github', '阿狸爱悟空', '2020-04-20 14:26:02'),(157, '5e9d46f5df282', 'bicapa1273@hubopss.com', '2025033966@qq.com', '5e9b3d0f3d3a1', '2020-04-20 14:53:42', 'Vue中使用this.$router传递参数和取值', '阿拉丁', '2020-04-19 14:57:18'),(158, '5e9d46f5df282', 'bicapa1273@hubopss.com', '1260987356@qq.com', '5e9b536ff1e7c', '2020-04-20 14:54:09', 'PanDownload作者被抓,为何大家都对百度网盘如此气愤?', '辛兴然', '2020-04-19 03:22:23'),(160, '5e9d46f5df282', 'bicapa1273@hubopss.com', 'dehefo8816@govdep5012.com', '5e9d439fae9e6', '2020-04-20 14:55:06', '我入职阿里后，才知道原来简历这么写', '阿狸爱悟空', '2020-04-20 14:39:27'),(161, '5e9d478094c86', 'bicapa1273@hubopss.com', 'dehefo8816@govdep5012.com', '5e9d407abccb1', '2020-04-20 14:56:01', 'Git创建新分支并提交到github', '阿狸爱悟空', '2020-04-20 14:26:02'),(162, '5e9d4e516b276', 'goceg27337@emailhost99.com', '1260987356@qq.com', '5e9b536ff1e7c', '2020-04-20 15:25:06', 'PanDownload作者被抓,为何大家都对百度网盘如此气愤?', '辛兴然', '2020-04-19 03:22:23'),(165, '5e9d4e516b276', 'goceg27337@emailhost99.com', 'bicapa1273@hubopss.com', '5e9d49770ff18', '2020-04-20 16:42:29', '女程序员，为什么比男程序员少？？？', '梦娜丽莎', '2020-04-20 15:04:23'),(166, '5e9d4e516b276', 'goceg27337@emailhost99.com', 'goceg27337@emailhost99.com', '5e9d4d95c79a5', '2020-04-20 16:47:19', '为什么大多数人永远不会真正成功？', '贝多芬', '2020-04-20 15:21:57'),(167, '5e9d67015120f', 'vovom92053@emailhost99.com', '2025033966@qq.com', '5e9c04e7d80eb', '2020-04-20 17:15:05', 'cacsascac', '阿拉丁', '2020-04-19 15:59:35'),(174, '5e9d91b9dce7b', 'soyehot718@2go-mail.com', '1260987356@qq.com', '5e9b536ff1e7c', '2020-04-20 20:24:56', 'PanDownload作者被抓,为何大家都对百度网盘如此气愤?', '辛兴然', '2020-04-19 03:22:23'),(175, '5e9d94ab3e8b5', 'soyehot718@2go-mail.com', '1260987356@qq.com', '5e9b536ff1e7c', '2020-04-20 20:25:18', 'PanDownload作者被抓,为何大家都对百度网盘如此气愤?', '辛兴然', '2020-04-19 03:22:23'),(176, '5e9d9e27a43c4', 'potoxi1823@officemalaga.com', '2025033966@qq.com', '5e9b3d0f3d3a1', '2020-04-20 21:17:01', 'Vue中使用this.$router传递参数和取值', '阿拉丁', '2020-04-20 15:37:07'),(177, '5e9da0e57ec5e', 'potoxi1823@officemalaga.com', '2025033966@qq.com', '5e9b3d0f3d3a1', '2020-04-20 21:17:27', 'Vue中使用this.$router传递参数和取值', '阿拉丁', '2020-04-20 15:37:07'),(178, '5e9d9e27a43c4', 'potoxi1823@officemalaga.com', 'potoxi1823@officemalaga.com', '5e9def77c0536', '2020-04-21 03:03:49', '1112e1', '昵称123', '2020-04-21 02:52:39'),(179, '5e9d9e27a43c4', 'potoxi1823@officemalaga.com', 'potoxi1823@officemalaga.com', '5e9d9ef9ba9d6', '2020-04-21 09:43:36', '台海观澜｜破绽留痕，台湾防疫再出漏洞的四条教训', '昵称123', '2020-04-20 21:11:30'),(182, '5e9ed91b37f27', 'rakixed706@johnderasia.com', 'rakixed706@johnderasia.com', '5e9ed8296572f', '2020-04-21 19:29:32', '设置npm的registry', '123', '2020-04-21 19:26:36'),(183, '5e9ed91b37f27', 'rakixed706@johnderasia.com', 'vovom92053@emailhost99.com', '5e9d714426da2', '2020-04-21 19:30:27', '掘金 AMA：关于「个人成长」&「前端」&「技术写作」那些问题---染陌来为你解答', '贝多芬fance', '2020-04-20 17:54:12'),(184, '5e9ee47a17a81', 'tafaxi6116@officemalaga.com', 'dehefo8816@govdep5012.com', '5e9d439fae9e6', '2020-04-21 20:18:03', '我入职阿里后，才知道原来简历这么写', '阿狸爱悟空', '2020-04-20 14:39:27'),(185, '5e9ee47a17a81', 'tafaxi6116@officemalaga.com', 'tafaxi6116@officemalaga.com', '5e9ee44768244', '2020-04-21 20:21:09', '555', 'QQ群', '2020-04-21 20:17:11'),(186, '5e9ee491e00a8', 'tafaxi6116@officemalaga.com', 'tafaxi6116@officemalaga.com', '5e9ee44768244', '2020-04-21 20:21:10', '555', 'QQ群', '2020-04-21 20:17:11'),(190, '5e9c0f7ac4ce0', '2025033966@qq.com', 'potoxi1823@officemalaga.com', '5e9d9ef9ba9d6', '2020-04-27 20:57:55', '台海观澜｜破绽留痕，台湾防疫再出漏洞的四条教训', '昵称123', '2020-04-20 21:11:30'),(194, '5e9b10554227e', '2025033966@qq.com', 'bicapa1273@hubopss.com', '5e9d49770ff18', '2020-04-29 11:10:42', '女程序员，为什么比男程序员少？？？', '梦娜丽莎', '2020-04-20 15:04:23');
UNLOCK TABLES;
COMMIT;
BEGIN;
LOCK TABLES `blog`.`comment` WRITE;
DELETE FROM `blog`.`comment`;
INSERT INTO `blog`.`comment` (`id`,`userId`,`bindId`,`userName`,`avarUrl`,`comment`,`time`,`replyFlag`,`title`,`authorId`,`showFlag`) VALUES (36, '2025033966@qq.com', '5e9b3d0f3d3a1', '阿拉丁', 'http://localhost/graduation_project/blog2/src/assets/avatar/omg.jpg', '第一篇记录!', '2020-04-19 09:53:31', 1, 'Vue中使用this.$router传递参数和取值', '2025033966@qq.com', NULL),(37, '1260987356@qq.com', '5e9b3d0f3d3a1', '辛兴然', 'http://localhost/graduation_project/blog2/src/assets/avatar/003.jpg', '写的不错 继续加油!!!!', '2020-04-19 02:49:53', 0, 'Vue中使用this.$router传递参数和取值', '2025033966@qq.com', NULL),(85, 'bicapa1273@hubopss.com', '5e9b3d0f3d3a1', '梦娜丽莎', 'http://localhost/graduation_project/blog2/src/assets/avatar/u=3072174761,4226157958&fm=26&gp=0.jpg', '这篇文章很火啊！！！', '2020-04-28 21:57:17', 0, 'Vue中使用this.$router传递参数和取值', '2025033966@qq.com', 0),(86, 'bicapa1273@hubopss.com', '5e9b536ff1e7c', '梦娜丽莎', 'http://localhost/graduation_project/blog2/src/assets/avatar/u=3072174761,4226157958&fm=26&gp=0.jpg', '习惯性点赞！！！', '2020-04-20 20:25:35', 1, 'PanDownload作者被抓,为何大家都对百度网盘如此气愤?', '1260987356@qq.com', 0),(87, 'bicapa1273@hubopss.com', '5e9d439fae9e6', '梦娜丽莎', 'http://localhost/graduation_project/blog2/src/assets/avatar/u=3072174761,4226157958&fm=26&gp=0.jpg', '奥利给！写的不错。', '2020-04-20 14:55:31', 0, '我入职阿里后，才知道原来简历这么写', 'dehefo8816@govdep5012.com', 0),(95, 'soyehot718@2go-mail.com', '5e9b536ff1e7c', '昵称', 'http://localhost/graduation_project/blog2/src/assets/avatar/u=1305353222,2352820043&fm=26&gp=0.jpg', '习惯性点赞1', '2020-04-20 20:25:29', 0, 'PanDownload作者被抓,为何大家都对百度网盘如此气愤?', '1260987356@qq.com', 0),(98, 'potoxi1823@officemalaga.com', '5e9d9ef9ba9d6', '昵称123', 'http://localhost/graduation_project/blog2/src/assets/avatar/20180627170853_HcvVh.jpg', '需要审核', '2020-04-20 21:12:20', 1, '台海观澜｜破绽留痕，台湾防疫再出漏洞的四条教训', 'potoxi1823@officemalaga.com', 0),(99, 'potoxi1823@officemalaga.com', '5e9b3d0f3d3a1', '昵称123', 'http://localhost/graduation_project/blog2/src/assets/avatar/20180627170853_HcvVh.jpg', '新增评论', '2020-04-27 22:53:25', 1, 'Vue中使用this.$router传递参数和取值', '2025033966@qq.com', 0),(103, 'voyonat452@homedepinst.com', '5e9eb1e151846', '浮生一梦', 'http://localhost/graduation_project/blog2/src/assets/avatar/u=2471723103,4261647594&fm=26&gp=0.jpg', '留言中。。。', '2020-04-21 16:42:45', 0, '如何调整Apache的最大进程数', 'voyonat452@homedepinst.com', 0),(104, 'voyonat452@homedepinst.com', '5e9eb1e151846', '浮生一梦', 'http://localhost/graduation_project/blog2/src/assets/avatar/u=2471723103,4261647594&fm=26&gp=0.jpg', '继续留言。。。', '2020-04-21 16:43:02', 1, '如何调整Apache的最大进程数', 'voyonat452@homedepinst.com', 0),(109, 'tafaxi6116@officemalaga.com', '5e9ee37e727ea', 'QQ群', 'http://localhost/graduation_project/blog2/src/assets/avatar/u=2471723103,4261647594&fm=26&gp=0.jpg', '1111', '2020-04-21 20:15:03', 0, '设置npm的registry', 'tafaxi6116@officemalaga.com', 0),(110, 'tafaxi6116@officemalaga.com', '5e9ee37e727ea', 'QQ群', 'http://localhost/graduation_project/blog2/src/assets/avatar/u=2471723103,4261647594&fm=26&gp=0.jpg', '9999', '2020-04-21 20:15:38', 0, '设置npm的registry', 'tafaxi6116@officemalaga.com', 0),(111, 'tafaxi6116@officemalaga.com', '5e9ee37e727ea', 'QQ群', 'http://localhost/graduation_project/blog2/src/assets/avatar/u=2471723103,4261647594&fm=26&gp=0.jpg', '777', '2020-04-21 20:15:38', 0, '设置npm的registry', 'tafaxi6116@officemalaga.com', 0),(112, 'tafaxi6116@officemalaga.com', '5e9ee37e727ea', 'QQ群', 'http://localhost/graduation_project/blog2/src/assets/avatar/u=2471723103,4261647594&fm=26&gp=0.jpg', '888', '2020-04-21 20:16:01', 0, '设置npm的registry', 'tafaxi6116@officemalaga.com', 0),(113, 'tafaxi6116@officemalaga.com', '5e9ee37e727ea', 'QQ群', 'http://localhost/graduation_project/blog2/src/assets/avatar/u=2471723103,4261647594&fm=26&gp=0.jpg', '666', '2020-04-21 20:16:01', 0, '设置npm的registry', 'tafaxi6116@officemalaga.com', 0),(114, 'tafaxi6116@officemalaga.com', '5e9ee37e727ea', 'QQ群', 'http://localhost/graduation_project/blog2/src/assets/avatar/u=2471723103,4261647594&fm=26&gp=0.jpg', '66', '2020-04-21 20:16:01', 0, '设置npm的registry', 'tafaxi6116@officemalaga.com', 0),(139, '2025033966@qq.com', '5e9b3d0f3d3a1', '阿拉丁', 'http://localhost/graduation_project/blog2/src/assets/avatar/omg.jpg', '7578', '2020-04-29 17:08:37', 0, 'Vue中使用this.$router传递参数和取值', '2025033966@qq.com', 1);
UNLOCK TABLES;
COMMIT;
BEGIN;
LOCK TABLES `blog`.`follower_clip` WRITE;
DELETE FROM `blog`.`follower_clip`;
INSERT INTO `blog`.`follower_clip` (`id`,`sufferClip`,`sufferName`,`sufferAmount`,`sufferId`,`sufferNum`,`noticer`) VALUES (28, '5e9b10554227e', '收藏佳佳', 3, '2025033966@qq.com', 1, '1260987356@qq.com'),(34, '5e9b11a5deda2', 'VDSD', 0, '1260987356@qq.com', 1, '2025033966@qq.com'),(37, '5e9d67015120f', '钢琴秘籍', 0, 'vovom92053@emailhost99.com', 1, 'vovom92053@emailhost99.com'),(38, '5e9d91b9dce7b', '收藏夹1235', 0, 'soyehot718@2go-mail.com', 1, 'soyehot718@2go-mail.com'),(39, '5e9b10554227e', '收藏佳佳', 3, '2025033966@qq.com', 4, 'potoxi1823@officemalaga.com'),(42, '5e9d9e27a43c4', '学习类11', 2, 'potoxi1823@officemalaga.com', 1, 'potoxi1823@officemalaga.com'),(43, '5e9eb085c44bb', '默认收藏夹', 0, 'voyonat452@homedepinst.com', 1, 'voyonat452@homedepinst.com'),(44, '5e9d3f00a4628', '默认收藏夹', 1, 'dehefo8816@govdep5012.com', 1, 'voyonat452@homedepinst.com'),(45, '5e9d40911e316', 'GIT', 1, 'dehefo8816@govdep5012.com', 1, 'voyonat452@homedepinst.com'),(46, '5e9d46f5df282', '微笑面对生活', 3, 'bicapa1273@hubopss.com', 1, 'rakixed706@johnderasia.com'),(47, '5e9d478094c86', 'Git', 1, 'bicapa1273@hubopss.com', 1, 'rakixed706@johnderasia.com'),(48, '5e9d3f00a4628', '默认收藏夹', 1, 'dehefo8816@govdep5012.com', 2, 'tafaxi6116@officemalaga.com'),(49, '5e9d40911e316', 'GIT', 1, 'dehefo8816@govdep5012.com', 2, 'tafaxi6116@officemalaga.com'),(52, '5e9d67015120f', '钢琴秘籍', 1, 'vovom92053@emailhost99.com', 2, '2025033966@qq.com'),(58, '5e9d9e27a43c4', '学习类11', 3, 'potoxi1823@officemalaga.com', 2, ''),(59, '5e9d9e27a43c4', '学习类11', 3, 'potoxi1823@officemalaga.com', 3, ''),(60, '5e9da0e57ec5e', '鱼类', 1, 'potoxi1823@officemalaga.com', 1, ''),(61, '5e9d9e27a43c4', '学习类11', 3, 'potoxi1823@officemalaga.com', 4, ''),(62, '5e9da0e57ec5e', '鱼类', 1, 'potoxi1823@officemalaga.com', 2, ''),(63, '5e9d9e27a43c4', '学习类11', 3, 'potoxi1823@officemalaga.com', 5, ''),(64, '5e9e65ce07b6d', '11', 0, 'potoxi1823@officemalaga.com', 1, ''),(65, '5e9da0e57ec5e', '鱼类', 1, 'potoxi1823@officemalaga.com', 3, ''),(66, '5e9d9e27a43c4', '学习类11', 3, 'potoxi1823@officemalaga.com', 6, '');
UNLOCK TABLES;
COMMIT;
BEGIN;
LOCK TABLES `blog`.`leavemsg` WRITE;
DELETE FROM `blog`.`leavemsg`;
INSERT INTO `blog`.`leavemsg` (`id`,`msger`,`msgImg`,`msgName`,`msgTime`,`msgContent`,`userId`) VALUES (4, '2025033966@qq.com', 'http://localhost/graduation_project/blog2/src/assets/avatar/omg.jpg', '阿拉丁', '2020-04-20 00:47:22', '欢迎喜欢机器学习、深度学习的小伙伴关注我的博客，或是我的网站：http://www.panchuang.net。公众号：磐创AI（ID:xunixs)知乎专栏：https://zhuanlan.zhihu.com/TensorFlownews。 致力于AI行业最新动态，机器学习干货文章，深度学习原创博客，深度学习实战项目，Tensorflow中文原创教程，国外最新论文翻译。', '2025033966@qq.com'),(6, '2025033966@qq.com', 'http://localhost/graduation_project/blog2/src/assets/avatar/omg.jpg', '阿拉丁', '2020-04-20 00:47:56', '\n¶Checkbox 多选框\n一组备选项中进行多选\n\n¶基础用法\n单独使用可以表示两种状态之间的切换，写在标签中的内容为 checkbox 按钮后的介绍。\n\n在el-checkbox元素中定义v-model绑定变量，单一的checkbox中，默认绑定变量的值会是Boolean，选中为true。\n\n<template>\n  <!-- `checked` 为 true 或 false -->\n  <e', '2025033966@qq.com'),(7, '2025033966@qq.com', 'http://localhost/graduation_project/blog2/src/assets/avatar/omg.jpg', '阿拉丁', '2020-04-20 00:58:36', '已有属性用set改变属性值也不更新，可以试一下先用delete方法删除再用set添加。我是用这个解决的this.set改变属性值也不更新，可以试一下先用delete方法删除 再用set添加。我是用这个解决的this.set改变属性值也不更新，可以试一下先用delete方法删除再用set添加。我是用这个解决的this.delete(this,‘selectedFlag’)\nthis.$set(thi', '1260987356@qq.com'),(9, '2025033966@qq.com', 'http://localhost/graduation_project/blog2/src/assets/avatar/omg.jpg', '阿拉丁', '2020-04-20 01:00:07', '计算机基础入门推荐：《程序是怎样跑起来的》、《网络是怎样连接的》、《计算机是怎样跑起来的的》 进一步认识计算机网络：《计算机网络:自顶向下》、《图解http》 数据结构+算法入门：《大话数据结构》、《阿哈算法》 算法进阶：《算法第四版》、《编程珠玑》 由于我是 Java 技术栈的，顺便推荐几本 Java 的书籍，从左到由的顺序看到 Java：《Java核心技术卷1》、《编程思想》', '1260987356@qq.com'),(13, '1260987356@qq.com', 'http://localhost/graduation_project/blog2/src/assets/avatar/003.jpg', '辛兴然', '2020-04-20 01:03:00', '2017 年的时候，我花了将近 2 万块买了一台 27 寸的 iMac，但刚入手的时候，觉得真特么不习惯啊，好多 Windows 上好用的软件 APP Store 上都没有！\n\n我老婆三番五次调侃我浪费钱，还不如买台联想台式机，我真的生气了啊。\n\n我忍着忍着，同时尽最大的可能发现着，于是越来越多好用的软件便走进了我的视野，安装在了我的 iMac 上，有一种爱上了的感觉。今天我就来推荐 10 款不错', '2025033966@qq.com'),(14, '1260987356@qq.com', 'http://localhost/graduation_project/blog2/src/assets/avatar/003.jpg', '辛兴然', '2020-04-20 01:03:15', '01、IINA\nIINA 是一款播放器软件，可以打开几乎所有格式的视频，如果 IINA 都打不开，那么其他软件注定也打不开。', '2025033966@qq.com'),(15, '1260987356@qq.com', 'http://localhost/graduation_project/blog2/src/assets/avatar/003.jpg', '辛兴然', '2020-04-20 01:03:25', '02、keka\nkeka 是一款文件解压缩管理工具，如果文件实在太大，不便于发送邮件或者网络传输，还可以进行分卷压缩，不用担心，压缩后的文件仍然可以使用 keka 解压出来。', '2025033966@qq.com'),(16, '1260987356@qq.com', 'http://localhost/graduation_project/blog2/src/assets/avatar/003.jpg', '辛兴然', '2020-04-20 01:03:47', '1. 人脸识别\nstar：30.5k\n\n最简洁的人脸识别库。可以使用Python和命令行工具提取、识别、操作人脸。其人脸识别是基于业内领先的C++开源库dlib中的深度学习模型，用Labeled Faces in the Wild人脸数据集进行测试，准确率高达99.38%。\n\n而且有中文版README哟~\n————————————————\n版权声明：本文为CSDN博主「九章算法」的原创文章，遵循C', '1260987356@qq.com'),(17, '1260987356@qq.com', 'http://localhost/graduation_project/blog2/src/assets/avatar/003.jpg', '辛兴然', '2020-04-20 01:03:58', '2. faceai\nstar：5.5k\n\n入门级的人脸、视频、文字检测以及识别的项目。功能包含人脸监测、轮廓识别、头像合成、性别识别、图片修复等。\n\n', '1260987356@qq.com'),(19, 'dehefo8816@govdep5012.com', 'http://localhost/graduation_project/blog2/src/assets/avatar/1113.jpg', '阿狸爱悟空', '2020-04-20 14:18:01', 'saccs', 'dehefo8816@govdep5012.com'),(20, 'dehefo8816@govdep5012.com', 'http://localhost/graduation_project/blog2/src/assets/avatar/1113.jpg', '阿狸爱悟空', '2020-04-20 14:44:58', '1、老铁们，关注我的原创微信公众号「沉默王二」，专注于有趣有益的程序人生，保证你看完有所收获，不信你打我。\n\n2、给二哥点个赞呗，可以让更多的人看到这篇文章，顺便激励下我，嘻嘻。', 'dehefo8816@govdep5012.com'),(26, 'dehefo8816@govdep5012.com', 'http://localhost/graduation_project/blog2/src/assets/avatar/1113.jpg', '阿狸爱悟空', '2020-04-20 16:57:47', '留言', '2025033966@qq.com'),(27, 'dehefo8816@govdep5012.com', 'http://localhost/graduation_project/blog2/src/assets/avatar/1113.jpg', '阿狸爱悟空', '2020-04-20 16:58:44', '/李艳', 'goceg27337@emailhost99.com'),(28, '2025033966@qq.com', 'http://localhost/graduation_project/blog2/src/assets/avatar/omg.jpg', '阿拉丁', '2020-04-20 18:31:16', '9999', '2025033966@qq.com'),(29, 'soyehot718@2go-mail.com', 'http://localhost/graduation_project/blog2/src/assets/avatar/u=1305353222,2352820043&fm=26&gp=0.jpg', '昵称', '2020-04-20 20:23:45', '编辑寄语！！！', 'soyehot718@2go-mail.com'),(30, 'soyehot718@2go-mail.com', 'http://localhost/graduation_project/blog2/src/assets/avatar/u=1305353222,2352820043&fm=26&gp=0.jpg', '昵称', '2020-04-20 20:23:52', '寄语2', 'soyehot718@2go-mail.com'),(31, 'potoxi1823@officemalaga.com', 'http://localhost/graduation_project/blog2/src/assets/avatar/20180627170853_HcvVh.jpg', '昵称123', '2020-04-20 21:19:41', '递送祝福！！！', '2025033966@qq.com'),(32, 'potoxi1823@officemalaga.com', 'http://localhost/graduation_project/blog2/src/assets/avatar/20180627170853_HcvVh.jpg', '昵称123', '2020-04-20 21:20:22', '自己留言', 'potoxi1823@officemalaga.com'),(36, 'rakixed706@johnderasia.com', 'http://localhost/graduation_project/blog2/src/assets/avatar/u=2471723103,4261647594&fm=26&gp=0.jpg', '123', '2020-04-21 19:32:08', '9999\n', 'rakixed706@johnderasia.com'),(37, 'tafaxi6116@officemalaga.com', 'http://localhost/graduation_project/blog2/src/assets/avatar/u=2471723103,4261647594&fm=26&gp=0.jpg', 'QQ群', '2020-04-21 20:19:28', '9999', 'dehefo8816@govdep5012.com'),(38, 'tafaxi6116@officemalaga.com', 'http://localhost/graduation_project/blog2/src/assets/avatar/u=2471723103,4261647594&fm=26&gp=0.jpg', 'QQ群', '2020-04-21 20:19:31', '888', 'dehefo8816@govdep5012.com'),(39, 'lahoh76191@homedepinst.com', 'http://localhost/graduation_project/blog2/src/assets/avatar/u=2471723103,4261647594&fm=26&gp=0.jpg', '1111', '2020-04-22 09:14:36', '刘安111', 'vovom92053@emailhost99.com'),(40, '2025033966@qq.com', 'http://localhost/graduation_project/blog2/src/assets/avatar/omg.jpg', '阿拉丁', '2020-04-27 22:51:07', '666', '2025033966@qq.com'),(41, '2025033966@qq.com', 'http://localhost/graduation_project/blog2/src/assets/avatar/omg.jpg', '阿拉丁', '2020-04-28 15:56:33', 'wtf???', 'tafaxi6116@officemalaga.com'),(42, '2025033966@qq.com', 'http://localhost/graduation_project/blog2/src/assets/avatar/omg.jpg', '阿拉丁', '2020-04-28 16:27:01', '好！', 'soyehot718@2go-mail.com'),(43, '2025033966@qq.com', 'http://localhost/graduation_project/blog2/src/assets/avatar/omg.jpg', '阿拉丁', '2020-04-28 16:43:31', '1231', 'potoxi1823@officemalaga.com'),(46, '2025033966@qq.com', 'http://localhost/graduation_project/blog2/src/assets/avatar/omg.jpg', '阿拉丁', '2020-04-29 14:01:20', '99', 'vovom92053@emailhost99.com');
UNLOCK TABLES;
COMMIT;
BEGIN;
LOCK TABLES `blog`.`personal_info` WRITE;
DELETE FROM `blog`.`personal_info`;
INSERT INTO `blog`.`personal_info` (`id`,`nickName`,`realName`,`avatarUrl`,`sexName`,`birthday`,`region`,`industry`,`position`,`introduction`) VALUES ('1260987356@qq.com', '辛兴然', '陈尚', 'http://localhost/graduation_project/blog2/src/assets/avatar/003.jpg', '男', '2020-02-28T16:00:00.000Z', '{\"state\":\"中国\",\"province\":\"北京\",\"city\":\"\"}', '互联网.电子商务', 'Java开发', '呵呵呵呵呵呵呵呵呵呵'),('2025033966@qq.com', '阿拉丁', '张三', 'http://localhost/graduation_project/blog2/src/assets/avatar/omg.jpg', '男', '2020-02-25', '{\"state\":\"中国\",\"province\":\"北京\",\"city\":\"\"}', '互联网.电子商务', '网友', '欢迎喜欢机器学习、深度学习的小伙伴关注我的博客，或是我的网站：http://www.panchuang.net。公众号：磐创AI（ID:xunixs)知乎专栏：https://zhuanlan.zhihu.com/TensorFlownews。 致力于AI行业最新动态，机器学习干货文章，深度学习原创博客，深度学习实战项目，Tensorflow中文原创教程，国外最新论文翻译。'),('bicapa1273@hubopss.com', '梦娜丽莎', 'lisha', 'http://localhost/graduation_project/blog2/src/assets/avatar/u=3072174761,4226157958&fm=26&gp=0.jpg', '女', '2020-04-20', '{\"state\":\"中国\",\"province\":\"福建省\",\"city\":\"\"}', '互联网.电子商务', '咸鱼', '微笑面对生活。'),('cajaka9696@govdep5012.com', '住户', 'chh', 'http://localhost/graduation_project/blog2/src/assets/avatar/1113.jpg', '男', '2020-04-06', '{\"state\":\"中国\",\"province\":\"北京\",\"city\":\"\"}', '互联网.电子商务', 'ccc', '11111111'),('dehefo8816@govdep5012.com', '阿狸爱悟空', '哎哎哎', 'http://localhost/graduation_project/blog2/src/assets/avatar/1113.jpg', '男', '2020-04-20', '{\"state\":\"中国\",\"province\":\"北京\",\"city\":\"\"}', '互联网.电子商务', '知乎大佬', '好好学习，天天向上！'),('lahoh76191@homedepinst.com', '1111', '11', 'http://localhost/graduation_project/blog2/src/assets/avatar/u=2471723103,4261647594&fm=26&gp=0.jpg', '男', '2020-04-13', '{\"state\":\"中国\",\"province\":\"福建省\",\"city\":\"福州市\"}', '电子.微电子', '11', '11111'),('potoxi1823@officemalaga.com', '昵称123', '陈煌', 'http://localhost/graduation_project/blog2/src/assets/avatar/20180627170853_HcvVh.jpg', '男', '2014-04-09', '{\"state\":\"中国\",\"province\":\"福建省\",\"city\":\"莆田市\"}', '互联网.电子商务', '学生', '个人简介！！'),('rakixed706@johnderasia.com', '123', 'ch', 'http://localhost/graduation_project/blog2/src/assets/avatar/u=2471723103,4261647594&fm=26&gp=0.jpg', '男', '2019-04-01', '{\"state\":\"中国\",\"province\":\"福建省\",\"city\":\"莆田市\"}', '互联网.电子商务', '学生', '个人简介'),('soyehot718@2go-mail.com', '昵称', '陈煌', 'http://localhost/graduation_project/blog2/src/assets/avatar/u=1305353222,2352820043&fm=26&gp=0.jpg', '男', '2019-04-03', '{\"state\":\"中国\",\"province\":\"福建省\",\"city\":\"莆田市\"}', '互联网.电子商务', '学生', '博客系统网站。'),('tafaxi6116@officemalaga.com', 'QQ群', '112', 'http://localhost/graduation_project/blog2/src/assets/avatar/u=2471723103,4261647594&fm=26&gp=0.jpg', '男', '2020-04-07', '{\"state\":\"中国\",\"province\":\"福建省\",\"city\":\"莆田市\"}', '互联网.电子商务', '111', '1111111'),('tonox88006@johnderasia.com', '昵称！', '昵称', 'http://localhost/graduation_project/blog2/src/assets/avatar/u=1305353222,2352820043&fm=26&gp=0.jpg', '男', '2019-03-05', '{\"state\":\"中国\",\"province\":\"福建省\",\"city\":\"厦门市\"}', '互联网.电子商务', '好', '个人简介。。。。'),('vovom92053@emailhost99.com', '贝多芬fance', 'beduofen', 'http://localhost/graduation_project/blog2/src/assets/avatar/u=777539253,45035582&fm=26&gp=0.jpg', '男', '2020-04-14', '{\"state\":\"中国\",\"province\":\"北京\",\"city\":\"\"}', '电子.微电子', '音乐', '学钢琴的人。'),('voyonat452@homedepinst.com', '浮生一梦', 'cg', 'http://localhost/graduation_project/blog2/src/assets/avatar/u=2471723103,4261647594&fm=26&gp=0.jpg', '男', '2019-04-02', '{\"state\":\"中国\",\"province\":\"福建省\",\"city\":\"莆田市\"}', '互联网.电子商务', '学生', '毕业了！');
UNLOCK TABLES;
COMMIT;
BEGIN;
LOCK TABLES `blog`.`points` WRITE;
DELETE FROM `blog`.`points`;
INSERT INTO `blog`.`points` (`id`,`userId`,`time`,`status`,`articleId`,`authorId`) VALUES (164, '2025033966@qq.com', '2020-04-13 00:45:01', 1, '5e932bd343216', '1260987356@qq.com'),(165, '2025033966@qq.com', '2020-04-17 23:54:14', 1, '5e5b56012009f', '2025033966@qq.com'),(166, '2025033966@qq.com', '2020-04-18 09:23:47', 1, '5e92ce60c55e4', '2025033966@qq.com'),(167, '2025033966@qq.com', '2020-04-18 10:00:48', 1, '5e4fac3b6de32', '2025033966@qq.com'),(169, '2025033966@qq.com', '2020-04-18 21:15:04', 1, '5e4fac6bb9f44', '2025033966@qq.com'),(174, '2025033966@qq.com', '2020-04-19 00:23:55', 1, '5e9b2993905f9\r\n\r\n', '2025033966@qq.com'),(176, '2025033966@qq.com', '2020-04-19 00:28:43', 1, '5e9b2a953aa3f\r\n\r\n', '2025033966@qq.com'),(177, '2025033966@qq.com', '2020-04-19 00:28:56', 1, '5e9b2a953aa3f', '2025033966@qq.com'),(178, '2025033966@qq.com', '2020-04-19 00:30:05', 1, '5e9b2993905f9', '2025033966@qq.com'),(180, '2025033966@qq.com', '2020-04-19 02:38:12', 1, '5e9b48b117d80', '2025033966@qq.com'),(181, '2025033966@qq.com', '2020-04-19 02:39:27', 1, '5e9b3d0f3d3a1', '2025033966@qq.com'),(182, '1260987356@qq.com', '2020-04-19 02:49:30', 1, '5e9b3d0f3d3a1', '2025033966@qq.com'),(183, '2025033966@qq.com', '2020-04-19 03:25:17', 1, '5e9b536ff1e7c', '1260987356@qq.com'),(184, 'dehefo8816@govdep5012.com', '2020-04-20 14:26:14', 1, '5e9d407abccb1', 'dehefo8816@govdep5012.com'),(185, 'bicapa1273@hubopss.com', '2020-04-20 14:53:27', 1, '5e9b3d0f3d3a1', '2025033966@qq.com'),(186, 'bicapa1273@hubopss.com', '2020-04-20 14:54:08', 1, '5e9b536ff1e7c', '1260987356@qq.com'),(187, 'bicapa1273@hubopss.com', '2020-04-20 14:55:02', 1, '5e9d439fae9e6', 'dehefo8816@govdep5012.com'),(188, 'bicapa1273@hubopss.com', '2020-04-20 14:55:45', 1, '5e9d407abccb1', 'dehefo8816@govdep5012.com'),(189, 'bicapa1273@hubopss.com', '2020-04-20 15:04:37', 1, '5e9d49770ff18', 'bicapa1273@hubopss.com'),(190, 'goceg27337@emailhost99.com', '2020-04-20 15:22:06', 1, '5e9d4d95c79a5', 'goceg27337@emailhost99.com'),(191, 'goceg27337@emailhost99.com', '2020-04-20 15:24:57', 1, '5e9b536ff1e7c', '1260987356@qq.com'),(192, 'goceg27337@emailhost99.com', '2020-04-20 15:25:13', 1, '5e9b3d0f3d3a1', '2025033966@qq.com'),(193, 'goceg27337@emailhost99.com', '2020-04-20 15:33:38', 1, '5e9d502f86269', 'goceg27337@emailhost99.com'),(194, '2025033966@qq.com', '2020-04-20 15:40:34', 1, '5e9d4d95c79a5', 'goceg27337@emailhost99.com'),(195, '2025033966@qq.com', '2020-04-20 15:40:40', 1, '5e9d49770ff18', 'bicapa1273@hubopss.com'),(196, '2025033966@qq.com', '2020-04-20 16:12:27', 1, '5e9d502f86269', 'goceg27337@emailhost99.com'),(197, 'goceg27337@emailhost99.com', '2020-04-20 16:42:21', 1, '5e9d49770ff18', 'bicapa1273@hubopss.com'),(198, 'vovom92053@emailhost99.com', '2020-04-20 17:14:58', 1, '5e9c04e7d80eb', '2025033966@qq.com'),(199, 'vovom92053@emailhost99.com', '2020-04-20 17:19:32', 1, '5e9d6917bcb40', 'vovom92053@emailhost99.com'),(200, 'vovom92053@emailhost99.com', '2020-04-20 17:54:21', 1, '5e9d714426da2', 'vovom92053@emailhost99.com'),(201, 'cajaka9696@govdep5012.com', '2020-04-20 18:23:31', 1, '5e9d7818ee417', 'cajaka9696@govdep5012.com'),(202, 'cajaka9696@govdep5012.com', '2020-04-20 18:28:30', 1, '5e9b536ff1e7c', '1260987356@qq.com'),(203, 'cajaka9696@govdep5012.com', '2020-04-20 18:30:13', 1, '5e9d78dea2f9e', 'cajaka9696@govdep5012.com'),(204, 'tonox88006@johnderasia.com', '2020-04-20 20:04:55', 1, '5e9d785ccaedf', 'cajaka9696@govdep5012.com'),(205, 'soyehot718@2go-mail.com', '2020-04-20 20:24:54', 1, '5e9b536ff1e7c', '1260987356@qq.com'),(206, 'soyehot718@2go-mail.com', '2020-04-20 20:26:07', 1, '5e9d407abccb1', 'dehefo8816@govdep5012.com'),(207, '2025033966@qq.com', '2020-04-20 20:26:42', 1, '5e9d930862c56', 'soyehot718@2go-mail.com'),(208, 'potoxi1823@officemalaga.com', '2020-04-20 21:16:59', 1, '5e9b3d0f3d3a1', '2025033966@qq.com'),(209, 'potoxi1823@officemalaga.com', '2020-04-20 21:18:57', 1, '5e9b48b117d80', '2025033966@qq.com'),(210, 'potoxi1823@officemalaga.com', '2020-04-21 03:03:47', 1, '5e9def77c0536', 'potoxi1823@officemalaga.com'),(211, 'potoxi1823@officemalaga.com', '2020-04-21 09:39:48', 1, '5e9d714426da2', 'vovom92053@emailhost99.com'),(212, 'potoxi1823@officemalaga.com', '2020-04-21 09:41:43', 1, '5e9b536ff1e7c', '1260987356@qq.com'),(213, 'potoxi1823@officemalaga.com', '2020-04-21 11:50:57', 1, '5e9d439fae9e6', 'dehefo8816@govdep5012.com'),(214, 'potoxi1823@officemalaga.com', '2020-04-21 12:15:27', 1, '5e9de4b1a8378', '2025033966@qq.com'),(216, 'potoxi1823@officemalaga.com', '2020-04-21 16:14:12', 1, '5e9d9f3b34355', 'potoxi1823@officemalaga.com'),(217, 'voyonat452@homedepinst.com', '2020-04-21 16:34:20', 1, '5e9eaffe0b305', 'voyonat452@homedepinst.com'),(219, 'voyonat452@homedepinst.com', '2020-04-21 16:36:02', 1, '5e9eaee2adb7b', 'voyonat452@homedepinst.com'),(220, 'voyonat452@homedepinst.com', '2020-04-21 16:42:22', 1, '5e9eb1e151846', 'voyonat452@homedepinst.com'),(221, '2025033966@qq.com', '2020-04-21 16:47:45', 1, '5e9eb1e151846', 'voyonat452@homedepinst.com'),(222, 'rakixed706@johnderasia.com', '2020-04-21 19:29:11', 1, '5e9ed8296572f', 'rakixed706@johnderasia.com'),(223, 'rakixed706@johnderasia.com', '2020-04-21 19:30:24', 1, '5e9d714426da2', 'vovom92053@emailhost99.com'),(224, 'rakixed706@johnderasia.com', '2020-04-21 19:30:58', 1, '5e9d49770ff18', 'bicapa1273@hubopss.com'),(225, 'rakixed706@johnderasia.com', '2020-04-21 19:32:41', 1, '5e9b3d0f3d3a1', '2025033966@qq.com'),(227, 'lahoh76191@homedepinst.com', '2020-04-22 09:14:23', 1, '5e9d714426da2', 'vovom92053@emailhost99.com'),(228, '2025033966@qq.com', '2020-04-26 13:43:19', 1, '5e9d714426da2', 'vovom92053@emailhost99.com'),(229, '2025033966@qq.com', '2020-04-27 20:44:54', 1, '5e9de4b1a8378', '2025033966@qq.com'),(231, '2025033966@qq.com', '2020-04-27 20:56:05', 1, '5e9f99d6997aa', 'lahoh76191@homedepinst.com'),(232, '2025033966@qq.com', '2020-04-27 20:57:52', 1, '5e9d9ef9ba9d6', 'potoxi1823@officemalaga.com'),(233, '2025033966@qq.com', '2020-04-28 15:57:36', 1, '5e9d407abccb1', 'dehefo8816@govdep5012.com'),(235, '2025033966@qq.com', '2020-04-28 16:43:01', 1, '5e9d439fae9e6', 'dehefo8816@govdep5012.com'),(236, '2025033966@qq.com', '2020-04-29 08:52:53', 1, '5e4fabcdca91a', '2025033966@qq.com'),(237, '', '2020-04-29 10:30:50', 1, '5e9b536ff1e7c', '1260987356@qq.com'),(238, '', '2020-04-29 10:30:50', 0, '5e9b536ff1e7c', '1260987356@qq.com'),(239, '', '2020-04-29 10:52:21', 1, '5e9d714426da2', 'vovom92053@emailhost99.com'),(240, '2025033966@qq.com', '2020-04-29 12:19:03', 1, '5ea900277afce', '2025033966@qq.com');
UNLOCK TABLES;
COMMIT;
BEGIN;
LOCK TABLES `blog`.`reply` WRITE;
DELETE FROM `blog`.`reply`;
INSERT INTO `blog`.`reply` (`id`,`bindId`,`userId`,`userName`,`avarUrl`,`comment`,`time`,`articleId`) VALUES (18, '10', '2025033966@qq.com', '阿拉丁', 'http://localhost/graduation_project/blog2/src/assets/avatar/001.JPG', 'hhahaha', '2020-03-16 21:38:35', '5e4fac3b6de32'),(19, '10', '2025033966@qq.com', '阿拉丁', 'http://localhost/graduation_project/blog2/src/assets/avatar/001.JPG', '6666', '2020-03-16 21:38:41', '5e4fac3b6de32'),(22, '22', '1260987356@qq.com', '辛兴然', 'http://localhost/graduation_project/blog2/src/assets/avatar/003.jpg', 'csac', '2020-03-16 21:49:25', '5e4fac3b6de32'),(23, '16', '2025033966@qq.com', '阿拉丁', 'http://localhost/graduation_project/blog2/src/assets/avatar/001.JPG', '1215', '2020-03-29 15:22:33', '5e5b56012009f'),(24, '16', '2025033966@qq.com', '阿拉丁', 'http://localhost/graduation_project/blog2/src/assets/avatar/001.JPG', '5656', '2020-03-29 15:22:40', '5e5b56012009f'),(25, '23', '1260987356@qq.com', '辛兴然', 'http://localhost/graduation_project/blog2/src/assets/avatar/003.jpg', '拍的不错！！！', '2020-04-05 17:27:33', '5e50fec92e03d'),(26, '23', '1260987356@qq.com', '辛兴然', 'http://localhost/graduation_project/blog2/src/assets/avatar/003.jpg', '好无语！！！', '2020-04-05 17:27:47', '5e50fec92e03d'),(27, '23', '1260987356@qq.com', '辛兴然', 'http://localhost/graduation_project/blog2/src/assets/avatar/003.jpg', '再来一发》', '2020-04-05 17:27:58', '5e50fec92e03d'),(28, '16', '1260987356@qq.com', '辛兴然', 'http://localhost/graduation_project/blog2/src/assets/avatar/003.jpg', '每天进步一点点，Peace！', '2020-04-11 16:24:30', '5e5b56012009f'),(29, '31', '1260987356@qq.com', '辛兴然', 'http://localhost/graduation_project/blog2/src/assets/avatar/003.jpg', '自我回复测试。', '2020-04-12 21:04:51', '5e5b56012009f'),(30, '30', '2025033966@qq.com', '阿拉丁', 'http://localhost/graduation_project/blog2/src/assets/avatar/001.JPG', '9999', '2020-04-18 11:05:01', '5e4fabcdca91a'),(31, '35', '2025033966@qq.com', '阿拉丁', 'http://localhost/graduation_project/blog2/src/assets/avatar/omg.jpg', '文采', '2020-04-18 23:17:42', '5e4fabcdca91a'),(32, '36', '2025033966@qq.com', '阿拉丁', 'http://localhost/graduation_project/blog2/src/assets/avatar/omg.jpg', '自己回复自己!', '2020-04-19 02:42:39', '5e9b3d0f3d3a1'),(33, '36', '1260987356@qq.com', '辛兴然', 'http://localhost/graduation_project/blog2/src/assets/avatar/omg.jpg', 'http://localhost/graduation_project/blog2/src/assets/avatar/omg.jpg', '2020-04-19 02:49:59', '5e9b3d0f3d3a1'),(34, '88', '2025033966@qq.com', '阿拉丁', 'http://localhost/graduation_project/blog2/src/assets/avatar/omg.jpg', '很棒！', '2020-04-20 15:54:02', '5e9b3d0f3d3a1'),(35, '90', 'cajaka9696@govdep5012.com', '住户', 'http://localhost/graduation_project/blog2/src/assets/avatar/1113.jpg', '223', '2020-04-20 18:25:40', '5e9d7818ee417'),(36, '51', 'cajaka9696@govdep5012.com', '住户', 'http://localhost/graduation_project/blog2/src/assets/avatar/1113.jpg', '666', '2020-04-20 18:29:43', '5e9b3d0f3d3a1'),(37, '94', 'soyehot718@2go-mail.com', '昵称', 'http://localhost/graduation_project/blog2/src/assets/avatar/u=1305353222,2352820043&fm=26&gp=0.jpg', '999', '2020-04-20 20:20:25', '5e9d92cc9d16a'),(38, '86', 'soyehot718@2go-mail.com', '昵称', 'http://localhost/graduation_project/blog2/src/assets/avatar/u=1305353222,2352820043&fm=26&gp=0.jpg', '回复', '2020-04-20 20:25:35', '5e9b536ff1e7c'),(39, '66', '2025033966@qq.com', '阿拉丁', 'http://localhost/graduation_project/blog2/src/assets/avatar/omg.jpg', '11111', '2020-04-20 20:27:56', '5e9b3d0f3d3a1'),(40, '98', 'potoxi1823@officemalaga.com', '昵称123', 'http://localhost/graduation_project/blog2/src/assets/avatar/20180627170853_HcvVh.jpg', '回复', '2020-04-20 21:12:20', '5e9d9ef9ba9d6'),(41, '104', 'voyonat452@homedepinst.com', '浮生一梦', 'http://localhost/graduation_project/blog2/src/assets/avatar/u=2471723103,4261647594&fm=26&gp=0.jpg', '回复一下。。', '2020-04-21 16:43:02', '5e9eb1e151846'),(42, '104', '2025033966@qq.com', '阿拉丁', 'http://localhost/graduation_project/blog2/src/assets/avatar/omg.jpg', '加油！', '2020-04-21 16:47:53', '5e9eb1e151846'),(43, '99', '2025033966@qq.com', '阿拉丁', 'http://localhost/graduation_project/blog2/src/assets/avatar/omg.jpg', '9999', '2020-04-27 22:53:26', '5e9b3d0f3d3a1'),(44, '138', '2025033966@qq.com', '阿拉丁', 'http://localhost/graduation_project/blog2/src/assets/avatar/omg.jpg', '666', '2020-04-29 09:09:32', '5e9d49770ff18'),(45, '138', '2025033966@qq.com', '阿拉丁', 'http://localhost/graduation_project/blog2/src/assets/avatar/omg.jpg', '只有二级评论呀', '2020-04-29 09:09:43', '5e9d49770ff18');
UNLOCK TABLES;
COMMIT;
BEGIN;
LOCK TABLES `blog`.`sort_colum` WRITE;
DELETE FROM `blog`.`sort_colum`;
INSERT INTO `blog`.`sort_colum` (`id`,`bind`,`name`,`describe`,`picture`,`show`,`recover`) VALUES ('5e4ab06fa1d3d', '2025033966@qq.com', '游戏人生', '游戏人生，分类栏。', 'http://localhost/graduation_project/blog2/src/assets/sort/IMG_1066(20200214-130610).JPG', 1, '0'),('5e4ab0f2d5a42', '2025033966@qq.com', '初级前端', '前端类别，分类栏。', 'http://localhost/graduation_project/blog2/src/assets/sort/萝莉.JPG', 1, '1'),('5e4ab49f6df57', '2025033966@qq.com', '后端管家', '后端语言，自制分类栏。', 'http://localhost/graduation_project/blog2/src/assets/sort/001.JPG', 1, '0'),('5e4ab51025b9b', '2025033966@qq.com', '生活记录，点点滴滴', '生活记录，自制分类栏。', 'http://localhost/graduation_project/blog2/src/assets/sort/003.jpg', 1, '0'),('5e9d47a760a3f', 'bicapa1273@hubopss.com', '垃圾分类', '哈哈哈哈哈哈', 'http://localhost/graduation_project/blog2/src/assets/sort/IMG_2127(20200415-192806).JPG', 1, '0'),('5e9d71e53c2c2', 'vovom92053@emailhost99.com', '随便去个名字', '案例', 'http://localhost/graduation_project/blog2/src/assets/sort/u=777539253,45035582&fm=26&gp=0.jpg', 1, '0'),('5e9d78cba2f22', 'cajaka9696@govdep5012.com', '学习23', '学习', 'http://localhost/graduation_project/blog2/src/assets/sort/u=3072174761,4226157958&fm=26&gp=0.jpg', 1, '0'),('5e9d921fba7a1', 'soyehot718@2go-mail.com', 'GIT专栏01', 'GIT专栏', 'http://localhost/graduation_project/blog2/src/assets/sort/20180627170853_HcvVh.jpg', 1, '0'),('5e9d9fe0768cf', 'potoxi1823@officemalaga.com', '学习专栏01', '学习专栏', 'http://localhost/graduation_project/blog2/src/assets/sort/20180627170853_HcvVh.jpg', 1, '0'),('5e9d9ff0e67fe', 'potoxi1823@officemalaga.com', '游戏模块', '游戏模块', 'http://localhost/graduation_project/blog2/src/assets/sort/u=1354268575,1268995723&fm=26&gp=0.jpg', 1, '0'),('5e9eafc68ea82', 'voyonat452@homedepinst.com', '学习区————', '学习区\n', 'http://localhost/graduation_project/blog2/src/assets/sort/u=1305353222,2352820043&fm=26&gp=0.jpg', 1, '0'),('5e9eafd408ee6', 'voyonat452@homedepinst.com', '娱乐区', '娱乐区', 'http://localhost/graduation_project/blog2/src/assets/sort/u=1354268575,1268995723&fm=26&gp=0.jpg', 1, '0'),('5e9ed8b09102b', 'rakixed706@johnderasia.com', '学习兰', '学习兰', 'http://localhost/graduation_project/blog2/src/assets/sort/20180627170853_HcvVh.jpg', 1, '0'),('5e9ed8bc1e4b5', 'rakixed706@johnderasia.com', '工作栏', '工作栏', 'http://localhost/graduation_project/blog2/src/assets/sort/u=1305353222,2352820043&fm=26&gp=0.jpg', 1, '0'),('5e9ee42f7631e', 'tafaxi6116@officemalaga.com', '111', '111', 'http://localhost/graduation_project/blog2/src/assets/sort/20180627170853_HcvVh.jpg', 1, '0'),('5e9ee43793ab5', 'tafaxi6116@officemalaga.com', '222', '122', 'http://localhost/graduation_project/blog2/src/assets/sort/u=1354268575,1268995723&fm=26&gp=0.jpg', 1, '0');
UNLOCK TABLES;
COMMIT;
BEGIN;
LOCK TABLES `blog`.`star` WRITE;
DELETE FROM `blog`.`star`;
INSERT INTO `blog`.`star` (`id`,`sufferId`,`sufferName`,`sufferImg`,`noticer`,`noticerName`,`noticerImg`) VALUES (111, 'bicapa1273@hubopss.com', '梦娜丽莎', 'http://localhost/graduation_project/blog2/src/assets/avatar/u=3072174761,4226157958&fm=26&gp=0.jpg', '1260987356@qq.com', '辛兴然', 'http://localhost/graduation_project/blog2/src/assets/avatar/003.jpg'),(133, 'bicapa1273@hubopss.com', '梦娜丽莎', 'http://localhost/graduation_project/blog2/src/assets/avatar/u=3072174761,4226157958&fm=26&gp=0.jpg', 'goceg27337@emailhost99.com', '贝多芬', 'http://localhost/graduation_project/blog2/src/assets/avatar/u=777539253,45035582&fm=26&gp=0.jpg'),(134, '2025033966@qq.com', '阿拉丁', 'http://localhost/graduation_project/blog2/src/assets/avatar/omg.jpg', 'dehefo8816@govdep5012.com', '阿狸爱悟空', 'http://localhost/graduation_project/blog2/src/assets/avatar/1113.jpg'),(135, '1260987356@qq.com', '辛兴然', 'http://localhost/graduation_project/blog2/src/assets/avatar/003.jpg', 'dehefo8816@govdep5012.com', '阿狸爱悟空', 'http://localhost/graduation_project/blog2/src/assets/avatar/1113.jpg'),(136, 'dehefo8816@govdep5012.com', '阿狸爱悟空', 'http://localhost/graduation_project/blog2/src/assets/avatar/1113.jpg', 'vovom92053@emailhost99.com', '贝多芬fance', 'http://localhost/graduation_project/blog2/src/assets/avatar/u=777539253,45035582&fm=26&gp=0.jpg'),(137, '2025033966@qq.com', '阿拉丁', 'http://localhost/graduation_project/blog2/src/assets/avatar/omg.jpg', 'vovom92053@emailhost99.com', '贝多芬fance', 'http://localhost/graduation_project/blog2/src/assets/avatar/u=777539253,45035582&fm=26&gp=0.jpg'),(140, 'dehefo8816@govdep5012.com', '阿狸爱悟空', 'http://localhost/graduation_project/blog2/src/assets/avatar/1113.jpg', 'cajaka9696@govdep5012.com', '住户', 'http://localhost/graduation_project/blog2/src/assets/avatar/1113.jpg'),(145, '1260987356@qq.com', '辛兴然', 'http://localhost/graduation_project/blog2/src/assets/avatar/003.jpg', 'cajaka9696@govdep5012.com', '住户', 'http://localhost/graduation_project/blog2/src/assets/avatar/1113.jpg'),(184, '1260987356@qq.com', '辛兴然', 'http://localhost/graduation_project/blog2/src/assets/avatar/003.jpg', 'soyehot718@2go-mail.com', '昵称', 'http://localhost/graduation_project/blog2/src/assets/avatar/u=1305353222,2352820043&fm=26&gp=0.jpg'),(185, 'dehefo8816@govdep5012.com', '阿狸爱悟空', 'http://localhost/graduation_project/blog2/src/assets/avatar/1113.jpg', 'soyehot718@2go-mail.com', '昵称', 'http://localhost/graduation_project/blog2/src/assets/avatar/u=1305353222,2352820043&fm=26&gp=0.jpg'),(188, 'dehefo8816@govdep5012.com', '阿狸爱悟空', 'http://localhost/graduation_project/blog2/src/assets/avatar/1113.jpg', '2025033966@qq.com', '阿拉丁', 'http://localhost/graduation_project/blog2/src/assets/avatar/omg.jpg'),(195, 'vovom92053@emailhost99.com', '贝多芬fance', 'http://localhost/graduation_project/blog2/src/assets/avatar/u=777539253,45035582&fm=26&gp=0.jpg', '2025033966@qq.com', '阿拉丁', 'http://localhost/graduation_project/blog2/src/assets/avatar/omg.jpg'),(207, '2025033966@qq.com', '阿拉丁', 'http://localhost/graduation_project/blog2/src/assets/avatar/omg.jpg', 'potoxi1823@officemalaga.com', '昵称123', 'http://localhost/graduation_project/blog2/src/assets/avatar/20180627170853_HcvVh.jpg'),(213, '1260987356@qq.com', '辛兴然', 'http://localhost/graduation_project/blog2/src/assets/avatar/003.jpg', 'potoxi1823@officemalaga.com', '昵称123', 'http://localhost/graduation_project/blog2/src/assets/avatar/20180627170853_HcvVh.jpg'),(232, 'vovom92053@emailhost99.com', '贝多芬fance', 'http://localhost/graduation_project/blog2/src/assets/avatar/u=777539253,45035582&fm=26&gp=0.jpg', 'voyonat452@homedepinst.com', '浮生一梦', ''),(236, 'bicapa1273@hubopss.com', '梦娜丽莎', 'http://localhost/graduation_project/blog2/src/assets/avatar/u=3072174761,4226157958&fm=26&gp=0.jpg', '2025033966@qq.com', '阿拉丁', 'http://localhost/graduation_project/blog2/src/assets/avatar/omg.jpg'),(237, 'vovom92053@emailhost99.com', '贝多芬fance', 'http://localhost/graduation_project/blog2/src/assets/avatar/u=777539253,45035582&fm=26&gp=0.jpg', 'rakixed706@johnderasia.com', '123', 'http://localhost/graduation_project/blog2/src/assets/avatar/u=2471723103,4261647594&fm=26&gp=0.jpg'),(238, 'bicapa1273@hubopss.com', '梦娜丽莎', 'http://localhost/graduation_project/blog2/src/assets/avatar/u=3072174761,4226157958&fm=26&gp=0.jpg', 'rakixed706@johnderasia.com', '123', 'http://localhost/graduation_project/blog2/src/assets/avatar/u=2471723103,4261647594&fm=26&gp=0.jpg'),(242, 'vovom92053@emailhost99.com', '贝多芬fance', 'http://localhost/graduation_project/blog2/src/assets/avatar/u=777539253,45035582&fm=26&gp=0.jpg', 'tafaxi6116@officemalaga.com', 'QQ群', 'http://localhost/graduation_project/blog2/src/assets/avatar/u=2471723103,4261647594&fm=26&gp=0.jpg'),(248, 'potoxi1823@officemalaga.com', '昵称123', 'http://localhost/graduation_project/blog2/src/assets/avatar/20180627170853_HcvVh.jpg', '2025033966@qq.com', '阿拉丁', 'http://localhost/graduation_project/blog2/src/assets/avatar/omg.jpg'),(254, 'lahoh76191@homedepinst.com', '1111', 'http://localhost/graduation_project/blog2/src/assets/avatar/u=2471723103,4261647594&fm=26&gp=0.jpg', '2025033966@qq.com', '阿拉丁', 'http://localhost/graduation_project/blog2/src/assets/avatar/omg.jpg'),(258, 'soyehot718@2go-mail.com', '昵称', 'http://localhost/graduation_project/blog2/src/assets/avatar/u=1305353222,2352820043&fm=26&gp=0.jpg', '2025033966@qq.com', '阿拉丁', 'http://localhost/graduation_project/blog2/src/assets/avatar/omg.jpg'),(264, '2025033966@qq.com', '阿拉丁', 'http://localhost/graduation_project/blog2/src/assets/avatar/omg.jpg', '2025033966@qq.com', '阿拉丁', 'http://localhost/graduation_project/blog2/src/assets/avatar/omg.jpg');
UNLOCK TABLES;
COMMIT;
BEGIN;
LOCK TABLES `blog`.`user_regist` WRITE;
DELETE FROM `blog`.`user_regist`;
INSERT INTO `blog`.`user_regist` (`id`,`verifi_code`,`email`,`email_key`,`nickName`) VALUES (50, 'Kwck8A', '2025033966@qq.com', 'cccc', '阿拉丁'),(51, NULL, '1260987356@qq.com', 'cccc', '辛兴然'),(54, NULL, 'dehefo8816@govdep5012.com', 'cccc', '阿狸爱悟空'),(55, NULL, 'bicapa1273@hubopss.com', 'cccc', '梦娜丽莎'),(57, NULL, 'vovom92053@emailhost99.com', 'cccc', '贝多芬fance'),(60, 'jkYAnZ', 'soyehot718@2go-mail.com', '111111', '昵称'),(61, 'nJekgF', 'potoxi1823@officemalaga.com', 'cccc', '昵称123'),(62, NULL, 'voyonat452@homedepinst.com', 'cccccc', '浮生一梦'),(63, 'qeRFVF', 'rakixed706@johnderasia.com', '123456', '123'),(64, 'KkjOsj', 'tafaxi6116@officemalaga.com', '123456', 'QQ群'),(65, '2AJvhq', 'lahoh76191@homedepinst.com', '123456', '1111');
UNLOCK TABLES;
COMMIT;
